cytokine;value.median;value.percentile.0;value.percentile.100;ga.week.median;condition;n;age.mean;age.sd;bmi.mean;bmi.sd;gabirth.weeks.mean;gabirth.weeks.sd;birthweight.mean;birthweight.sd;tissue;method
IL_1b;0.75;0.00;55.44;7;healthy;19;30.2;4.6;24.2;3.9;39.8;0.89;3516;163;serum;Bio-Plex Pro Human Cytokine 27-plex assay
IL_2;6.14;0.00;301.87;7;healthy;19;30.2;4.6;24.2;3.9;39.8;0.89;3516;163;serum;Bio-Plex Pro Human Cytokine 27-plex assay
IL_7;24.1;0.00;85.73;7;healthy;19;30.2;4.6;24.2;3.9;39.8;0.89;3516;163;serum;Bio-Plex Pro Human Cytokine 27-plex assay
IL_12p70;2.98;0.00;83.44;7;healthy;19;30.2;4.6;24.2;3.9;39.8;0.89;3516;163;serum;Bio-Plex Pro Human Cytokine 27-plex assay
IFN_g;104.77;43.00;567.60;7;healthy;19;30.2;4.6;24.2;3.9;39.8;0.89;3516;163;serum;Bio-Plex Pro Human Cytokine 27-plex assay
TNF_a;0;0.00;52.49;7;healthy;19;30.2;4.6;24.2;3.9;39.8;0.89;3516;163;serum;Bio-Plex Pro Human Cytokine 27-plex assay
IL_1ra;205.74;75.40;1538.00;7;healthy;19;30.2;4.6;24.2;3.9;39.8;0.89;3516;163;serum;Bio-Plex Pro Human Cytokine 27-plex assay
IL_4;3.12;1.94;12.31;7;healthy;19;30.2;4.6;24.2;3.9;39.8;0.89;3516;163;serum;Bio-Plex Pro Human Cytokine 27-plex assay
IL_5;0.86;0.00;8.81;7;healthy;19;30.2;4.6;24.2;3.9;39.8;0.89;3516;163;serum;Bio-Plex Pro Human Cytokine 27-plex assay
IL_6;7.56;3.66;53.56;7;healthy;19;30.2;4.6;24.2;3.9;39.8;0.89;3516;163;serum;Bio-Plex Pro Human Cytokine 27-plex assay
IL_9;8.71;0.00;139.90;7;healthy;19;30.2;4.6;24.2;3.9;39.8;0.89;3516;163;serum;Bio-Plex Pro Human Cytokine 27-plex assay
IL_10;1.28;0.00;24.97;7;healthy;19;30.2;4.6;24.2;3.9;39.8;0.89;3516;163;serum;Bio-Plex Pro Human Cytokine 27-plex assay
IL_13;3;0.00;19.62;7;healthy;19;30.2;4.6;24.2;3.9;39.8;0.89;3516;163;serum;Bio-Plex Pro Human Cytokine 27-plex assay
G_CSF;22.92;10.85;43.26;7;healthy;19;30.2;4.6;24.2;3.9;39.8;0.89;3516;163;serum;Bio-Plex Pro Human Cytokine 27-plex assay
PDGF_BB;2353;251.00;5396.00;7;healthy;19;30.2;4.6;24.2;3.9;39.8;0.89;3516;163;serum;Bio-Plex Pro Human Cytokine 27-plex assay
IL_8;5.77;0.00;31.48;7;healthy;19;30.2;4.6;24.2;3.9;39.8;0.89;3516;163;serum;Bio-Plex Pro Human Cytokine 27-plex assay
eotaxin;6.57;6.00;169.00;7;healthy;19;30.2;4.6;24.2;3.9;39.8;0.89;3516;163;serum;Bio-Plex Pro Human Cytokine 27-plex assay
MIP_1a;0;0.00;64.56;7;healthy;19;30.2;4.6;24.2;3.9;39.8;0.89;3516;163;serum;Bio-Plex Pro Human Cytokine 27-plex assay
MIP_1b;7.46;0.00;44.05;7;healthy;19;30.2;4.6;24.2;3.9;39.8;0.89;3516;163;serum;Bio-Plex Pro Human Cytokine 27-plex assay
MCP_1;32.69;0.00;72.16;7;healthy;19;30.2;4.6;24.2;3.9;39.8;0.89;3516;163;serum;Bio-Plex Pro Human Cytokine 27-plex assay
RANTES;362;65.00;2196.00;7;healthy;19;30.2;4.6;24.2;3.9;39.8;0.89;3516;163;serum;Bio-Plex Pro Human Cytokine 27-plex assay
IL_1b;0.86;0.00;6.08;8;healthy;20;30.2;4.6;24.2;3.9;39.8;0.89;3516;163;serum;Bio-Plex Pro Human Cytokine 27-plex assay
IL_2;1.77;0.00;46.54;8;healthy;20;30.2;4.6;24.2;3.9;39.8;0.89;3516;163;serum;Bio-Plex Pro Human Cytokine 27-plex assay
IL_7;20.525;0.00;39.84;8;healthy;20;30.2;4.6;24.2;3.9;39.8;0.89;3516;163;serum;Bio-Plex Pro Human Cytokine 27-plex assay
IL_12p70;4.68;0.00;13.39;8;healthy;20;30.2;4.6;24.2;3.9;39.8;0.89;3516;163;serum;Bio-Plex Pro Human Cytokine 27-plex assay
IFN_g;86.1;15.30;218.50;8;healthy;20;30.2;4.6;24.2;3.9;39.8;0.89;3516;163;serum;Bio-Plex Pro Human Cytokine 27-plex assay
TNF_a;0;0.00;25.39;8;healthy;20;30.2;4.6;24.2;3.9;39.8;0.89;3516;163;serum;Bio-Plex Pro Human Cytokine 27-plex assay
IL_1ra;175.15;17.20;562.20;8;healthy;20;30.2;4.6;24.2;3.9;39.8;0.89;3516;163;serum;Bio-Plex Pro Human Cytokine 27-plex assay
IL_4;2.9;0.94;7.03;8;healthy;20;30.2;4.6;24.2;3.9;39.8;0.89;3516;163;serum;Bio-Plex Pro Human Cytokine 27-plex assay
IL_5;0.915;0.00;3.24;8;healthy;20;30.2;4.6;24.2;3.9;39.8;0.89;3516;163;serum;Bio-Plex Pro Human Cytokine 27-plex assay
IL_6;6.87;2.29;15.05;8;healthy;20;30.2;4.6;24.2;3.9;39.8;0.89;3516;163;serum;Bio-Plex Pro Human Cytokine 27-plex assay
IL_9;3.91;0.00;39.52;8;healthy;20;30.2;4.6;24.2;3.9;39.8;0.89;3516;163;serum;Bio-Plex Pro Human Cytokine 27-plex assay
IL_10;0.66;0.00;4.51;8;healthy;20;30.2;4.6;24.2;3.9;39.8;0.89;3516;163;serum;Bio-Plex Pro Human Cytokine 27-plex assay
IL_13;1.86;0.00;9.46;8;healthy;20;30.2;4.6;24.2;3.9;39.8;0.89;3516;163;serum;Bio-Plex Pro Human Cytokine 27-plex assay
G_CSF;15.48;2.82;51.65;8;healthy;20;30.2;4.6;24.2;3.9;39.8;0.89;3516;163;serum;Bio-Plex Pro Human Cytokine 27-plex assay
PDGF_BB;1773;219.00;5139.00;8;healthy;20;30.2;4.6;24.2;3.9;39.8;0.89;3516;163;serum;Bio-Plex Pro Human Cytokine 27-plex assay
IL_8;4.84;0.24;11.21;8;healthy;20;30.2;4.6;24.2;3.9;39.8;0.89;3516;163;serum;Bio-Plex Pro Human Cytokine 27-plex assay
eotaxin;47.17;0.00;119.00;8;healthy;20;30.2;4.6;24.2;3.9;39.8;0.89;3516;163;serum;Bio-Plex Pro Human Cytokine 27-plex assay
MIP_1a;0;0.00;1.73;8;healthy;20;30.2;4.6;24.2;3.9;39.8;0.89;3516;163;serum;Bio-Plex Pro Human Cytokine 27-plex assay
MIP_1b;9.32;0.35;47.61;8;healthy;20;30.2;4.6;24.2;3.9;39.8;0.89;3516;163;serum;Bio-Plex Pro Human Cytokine 27-plex assay
MCP_1;29.77;0.00;65.68;8;healthy;20;30.2;4.6;24.2;3.9;39.8;0.89;3516;163;serum;Bio-Plex Pro Human Cytokine 27-plex assay
RANTES;446;66.00;1032.00;8;healthy;20;30.2;4.6;24.2;3.9;39.8;0.89;3516;163;serum;Bio-Plex Pro Human Cytokine 27-plex assay
IL_1b;0.49;0.09;6.81;9;healthy;17;30.2;4.6;24.2;3.9;39.8;0.89;3516;163;serum;Bio-Plex Pro Human Cytokine 27-plex assay
IL_2;0;0.00;10.47;9;healthy;17;30.2;4.6;24.2;3.9;39.8;0.89;3516;163;serum;Bio-Plex Pro Human Cytokine 27-plex assay
IL_7;13.38;1.92;34.43;9;healthy;17;30.2;4.6;24.2;3.9;39.8;0.89;3516;163;serum;Bio-Plex Pro Human Cytokine 27-plex assay
IL_12p70;2.44;0.00;14.68;9;healthy;17;30.2;4.6;24.2;3.9;39.8;0.89;3516;163;serum;Bio-Plex Pro Human Cytokine 27-plex assay
IFN_g;83.18;24.60;170.80;9;healthy;17;30.2;4.6;24.2;3.9;39.8;0.89;3516;163;serum;Bio-Plex Pro Human Cytokine 27-plex assay
TNF_a;0;0.00;97.31;9;healthy;17;30.2;4.6;24.2;3.9;39.8;0.89;3516;163;serum;Bio-Plex Pro Human Cytokine 27-plex assay
IL_1ra;101.9;0.00;352.40;9;healthy;17;30.2;4.6;24.2;3.9;39.8;0.89;3516;163;serum;Bio-Plex Pro Human Cytokine 27-plex assay
IL_4;2.5;0.00;4.26;9;healthy;17;30.2;4.6;24.2;3.9;39.8;0.89;3516;163;serum;Bio-Plex Pro Human Cytokine 27-plex assay
IL_5;0.11;0.00;3.07;9;healthy;17;30.2;4.6;24.2;3.9;39.8;0.89;3516;163;serum;Bio-Plex Pro Human Cytokine 27-plex assay
IL_6;4.9;1.23;19.43;9;healthy;17;30.2;4.6;24.2;3.9;39.8;0.89;3516;163;serum;Bio-Plex Pro Human Cytokine 27-plex assay
IL_9;0;0.00;319.14;9;healthy;17;30.2;4.6;24.2;3.9;39.8;0.89;3516;163;serum;Bio-Plex Pro Human Cytokine 27-plex assay
IL_10;0.1;0.00;3.02;9;healthy;17;30.2;4.6;24.2;3.9;39.8;0.89;3516;163;serum;Bio-Plex Pro Human Cytokine 27-plex assay
IL_13;0.98;0.00;7.06;9;healthy;17;30.2;4.6;24.2;3.9;39.8;0.89;3516;163;serum;Bio-Plex Pro Human Cytokine 27-plex assay
G_CSF;12.19;0.00;28.80;9;healthy;17;30.2;4.6;24.2;3.9;39.8;0.89;3516;163;serum;Bio-Plex Pro Human Cytokine 27-plex assay
PDGF_BB;1524;185.00;5178.00;9;healthy;17;30.2;4.6;24.2;3.9;39.8;0.89;3516;163;serum;Bio-Plex Pro Human Cytokine 27-plex assay
IL_8;2.67;0.00;9.74;9;healthy;17;30.2;4.6;24.2;3.9;39.8;0.89;3516;163;serum;Bio-Plex Pro Human Cytokine 27-plex assay
eotaxin;38.03;4.00;91.00;9;healthy;17;30.2;4.6;24.2;3.9;39.8;0.89;3516;163;serum;Bio-Plex Pro Human Cytokine 27-plex assay
MIP_1a;0;0.00;3.22;9;healthy;17;30.2;4.6;24.2;3.9;39.8;0.89;3516;163;serum;Bio-Plex Pro Human Cytokine 27-plex assay
MIP_1b;9.11;0.00;44.76;9;healthy;17;30.2;4.6;24.2;3.9;39.8;0.89;3516;163;serum;Bio-Plex Pro Human Cytokine 27-plex assay
MCP_1;12.09;0.00;43.70;9;healthy;17;30.2;4.6;24.2;3.9;39.8;0.89;3516;163;serum;Bio-Plex Pro Human Cytokine 27-plex assay
RANTES;339;108.00;847.00;9;healthy;17;30.2;4.6;24.2;3.9;39.8;0.89;3516;163;serum;Bio-Plex Pro Human Cytokine 27-plex assay
IL_1b;0.87;0.09;21.91;10;healthy;15;30.2;4.6;24.2;3.9;39.8;0.89;3516;163;serum;Bio-Plex Pro Human Cytokine 27-plex assay
IL_2;2.58;0.00;87.18;10;healthy;15;30.2;4.6;24.2;3.9;39.8;0.89;3516;163;serum;Bio-Plex Pro Human Cytokine 27-plex assay
IL_7;14.82;1.92;33.87;10;healthy;15;30.2;4.6;24.2;3.9;39.8;0.89;3516;163;serum;Bio-Plex Pro Human Cytokine 27-plex assay
IL_12p70;2.03;0.00;19.41;10;healthy;15;30.2;4.6;24.2;3.9;39.8;0.89;3516;163;serum;Bio-Plex Pro Human Cytokine 27-plex assay
IFN_g;72.89;36.70;314.70;10;healthy;15;30.2;4.6;24.2;3.9;39.8;0.89;3516;163;serum;Bio-Plex Pro Human Cytokine 27-plex assay
TNF_a;0;0.00;37.71;10;healthy;15;30.2;4.6;24.2;3.9;39.8;0.89;3516;163;serum;Bio-Plex Pro Human Cytokine 27-plex assay
IL_1ra;147.13;29.50;684.30;10;healthy;15;30.2;4.6;24.2;3.9;39.8;0.89;3516;163;serum;Bio-Plex Pro Human Cytokine 27-plex assay
IL_4;2.35;0.88;5.60;10;healthy;15;30.2;4.6;24.2;3.9;39.8;0.89;3516;163;serum;Bio-Plex Pro Human Cytokine 27-plex assay
IL_5;0.54;0.00;1.79;10;healthy;15;30.2;4.6;24.2;3.9;39.8;0.89;3516;163;serum;Bio-Plex Pro Human Cytokine 27-plex assay
IL_6;5.7;2.62;25.93;10;healthy;15;30.2;4.6;24.2;3.9;39.8;0.89;3516;163;serum;Bio-Plex Pro Human Cytokine 27-plex assay
IL_9;2.38;0.00;114.03;10;healthy;15;30.2;4.6;24.2;3.9;39.8;0.89;3516;163;serum;Bio-Plex Pro Human Cytokine 27-plex assay
IL_10;0.1;0.00;19.85;10;healthy;15;30.2;4.6;24.2;3.9;39.8;0.89;3516;163;serum;Bio-Plex Pro Human Cytokine 27-plex assay
IL_13;1.32;0.00;9.13;10;healthy;15;30.2;4.6;24.2;3.9;39.8;0.89;3516;163;serum;Bio-Plex Pro Human Cytokine 27-plex assay
G_CSF;15.42;0.00;37.58;10;healthy;15;30.2;4.6;24.2;3.9;39.8;0.89;3516;163;serum;Bio-Plex Pro Human Cytokine 27-plex assay
PDGF_BB;2092;159.00;3846.00;10;healthy;15;30.2;4.6;24.2;3.9;39.8;0.89;3516;163;serum;Bio-Plex Pro Human Cytokine 27-plex assay
IL_8;2.96;0.00;62.59;10;healthy;15;30.2;4.6;24.2;3.9;39.8;0.89;3516;163;serum;Bio-Plex Pro Human Cytokine 27-plex assay
eotaxin;37.36;0.00;110.00;10;healthy;15;30.2;4.6;24.2;3.9;39.8;0.89;3516;163;serum;Bio-Plex Pro Human Cytokine 27-plex assay
MIP_1a;0;0.00;4.85;10;healthy;15;30.2;4.6;24.2;3.9;39.8;0.89;3516;163;serum;Bio-Plex Pro Human Cytokine 27-plex assay
MIP_1b;13.29;0.00;64.21;10;healthy;15;30.2;4.6;24.2;3.9;39.8;0.89;3516;163;serum;Bio-Plex Pro Human Cytokine 27-plex assay
MCP_1;13.21;0.00;54.27;10;healthy;15;30.2;4.6;24.2;3.9;39.8;0.89;3516;163;serum;Bio-Plex Pro Human Cytokine 27-plex assay
RANTES;415;99.00;2986.00;10;healthy;15;30.2;4.6;24.2;3.9;39.8;0.89;3516;163;serum;Bio-Plex Pro Human Cytokine 27-plex assay
IL_1b;0.39;0.00;6.56;11;healthy;15;30.2;4.6;24.2;3.9;39.8;0.89;3516;163;serum;Bio-Plex Pro Human Cytokine 27-plex assay
IL_2;0;0.00;13.10;11;healthy;15;30.2;4.6;24.2;3.9;39.8;0.89;3516;163;serum;Bio-Plex Pro Human Cytokine 27-plex assay
IL_7;10.4;0.00;51.58;11;healthy;15;30.2;4.6;24.2;3.9;39.8;0.89;3516;163;serum;Bio-Plex Pro Human Cytokine 27-plex assay
IL_12p70;1.06;0.00;12.65;11;healthy;15;30.2;4.6;24.2;3.9;39.8;0.89;3516;163;serum;Bio-Plex Pro Human Cytokine 27-plex assay
IFN_g;43.69;0.00;347.60;11;healthy;15;30.2;4.6;24.2;3.9;39.8;0.89;3516;163;serum;Bio-Plex Pro Human Cytokine 27-plex assay
TNF_a;0;0.00;79.60;11;healthy;15;30.2;4.6;24.2;3.9;39.8;0.89;3516;163;serum;Bio-Plex Pro Human Cytokine 27-plex assay
IL_1ra;83.44;0.00;406.90;11;healthy;15;30.2;4.6;24.2;3.9;39.8;0.89;3516;163;serum;Bio-Plex Pro Human Cytokine 27-plex assay
IL_4;1.59;0.00;2.95;11;healthy;15;30.2;4.6;24.2;3.9;39.8;0.89;3516;163;serum;Bio-Plex Pro Human Cytokine 27-plex assay
IL_5;0.12;0.00;4.89;11;healthy;15;30.2;4.6;24.2;3.9;39.8;0.89;3516;163;serum;Bio-Plex Pro Human Cytokine 27-plex assay
IL_6;3.17;0.00;23.72;11;healthy;15;30.2;4.6;24.2;3.9;39.8;0.89;3516;163;serum;Bio-Plex Pro Human Cytokine 27-plex assay
IL_9;0;0.00;26.46;11;healthy;15;30.2;4.6;24.2;3.9;39.8;0.89;3516;163;serum;Bio-Plex Pro Human Cytokine 27-plex assay
IL_10;0;0.00;1.75;11;healthy;15;30.2;4.6;24.2;3.9;39.8;0.89;3516;163;serum;Bio-Plex Pro Human Cytokine 27-plex assay
IL_13;1.62;0.00;5.00;11;healthy;15;30.2;4.6;24.2;3.9;39.8;0.89;3516;163;serum;Bio-Plex Pro Human Cytokine 27-plex assay
G_CSF;9.67;0.00;43.11;11;healthy;15;30.2;4.6;24.2;3.9;39.8;0.89;3516;163;serum;Bio-Plex Pro Human Cytokine 27-plex assay
PDGF_BB;2006;149.00;5213.00;11;healthy;15;30.2;4.6;24.2;3.9;39.8;0.89;3516;163;serum;Bio-Plex Pro Human Cytokine 27-plex assay
IL_8;1.56;0.00;6.00;11;healthy;15;30.2;4.6;24.2;3.9;39.8;0.89;3516;163;serum;Bio-Plex Pro Human Cytokine 27-plex assay
eotaxin;34.54;0.00;116.00;11;healthy;15;30.2;4.6;24.2;3.9;39.8;0.89;3516;163;serum;Bio-Plex Pro Human Cytokine 27-plex assay
MIP_1a;0;;;11;healthy;15;30.2;4.6;24.2;3.9;39.8;0.89;3516;163;serum;Bio-Plex Pro Human Cytokine 27-plex assay
MIP_1b;7.76;0.00;42.53;11;healthy;15;30.2;4.6;24.2;3.9;39.8;0.89;3516;163;serum;Bio-Plex Pro Human Cytokine 27-plex assay
MCP_1;10.23;0.00;34.67;11;healthy;15;30.2;4.6;24.2;3.9;39.8;0.89;3516;163;serum;Bio-Plex Pro Human Cytokine 27-plex assay
RANTES;419;88.00;1022.00;11;healthy;15;30.2;4.6;24.2;3.9;39.8;0.89;3516;163;serum;Bio-Plex Pro Human Cytokine 27-plex assay
IL_1b;2.03;1.30;7.69;7;small-for-gestational-age;6;30.4;5.1;24.2;4.9;38.89;1.81;2629 ;352;serum;Bio-Plex Pro Human Cytokine 27-plex assay
IL_2;0;0.00;21.05;7;small-for-gestational-age;6;30.4;5.1;24.2;4.9;38.89;1.81;2629 ;352;serum;Bio-Plex Pro Human Cytokine 27-plex assay
IL_7;7.13;0.00;16.93;7;small-for-gestational-age;6;30.4;5.1;24.2;4.9;38.89;1.81;2629 ;352;serum;Bio-Plex Pro Human Cytokine 27-plex assay
IL_12p70;1.25;0.00;11.29;7;small-for-gestational-age;6;30.4;5.1;24.2;4.9;38.89;1.81;2629 ;352;serum;Bio-Plex Pro Human Cytokine 27-plex assay
IFN_g;151.78;90.50;323.90;7;small-for-gestational-age;6;30.4;5.1;24.2;4.9;38.89;1.81;2629 ;352;serum;Bio-Plex Pro Human Cytokine 27-plex assay
TNF_a;0;;;7;small-for-gestational-age;6;30.4;5.1;24.2;4.9;38.89;1.81;2629 ;352;serum;Bio-Plex Pro Human Cytokine 27-plex assay
IL_1ra;96.17;0.00;401.30;7;small-for-gestational-age;6;30.4;5.1;24.2;4.9;38.89;1.81;2629 ;352;serum;Bio-Plex Pro Human Cytokine 27-plex assay
IL_4;1.77;0.00;4.24;7;small-for-gestational-age;6;30.4;5.1;24.2;4.9;38.89;1.81;2629 ;352;serum;Bio-Plex Pro Human Cytokine 27-plex assay
IL_5;1.34;0.14;5.15;7;small-for-gestational-age;6;30.4;5.1;24.2;4.9;38.89;1.81;2629 ;352;serum;Bio-Plex Pro Human Cytokine 27-plex assay
IL_6;7.68;0.00;12.75;7;small-for-gestational-age;6;30.4;5.1;24.2;4.9;38.89;1.81;2629 ;352;serum;Bio-Plex Pro Human Cytokine 27-plex assay
IL_9;3.84;0.00;413.80;7;small-for-gestational-age;6;30.4;5.1;24.2;4.9;38.89;1.81;2629 ;352;serum;Bio-Plex Pro Human Cytokine 27-plex assay
IL_10;0;;;7;small-for-gestational-age;6;30.4;5.1;24.2;4.9;38.89;1.81;2629 ;352;serum;Bio-Plex Pro Human Cytokine 27-plex assay
IL_13;0.52;0.00;2.74;7;small-for-gestational-age;6;30.4;5.1;24.2;4.9;38.89;1.81;2629 ;352;serum;Bio-Plex Pro Human Cytokine 27-plex assay
G_CSF;16.05;10.10;31.37;7;small-for-gestational-age;6;30.4;5.1;24.2;4.9;38.89;1.81;2629 ;352;serum;Bio-Plex Pro Human Cytokine 27-plex assay
PDGF_BB;1279;362.00;2842.00;7;small-for-gestational-age;6;30.4;5.1;24.2;4.9;38.89;1.81;2629 ;352;serum;Bio-Plex Pro Human Cytokine 27-plex assay
IL_8;0;0.00;9.28;7;small-for-gestational-age;6;30.4;5.1;24.2;4.9;38.89;1.81;2629 ;352;serum;Bio-Plex Pro Human Cytokine 27-plex assay
eotaxin;68.58;0.00;80.50;7;small-for-gestational-age;6;30.4;5.1;24.2;4.9;38.89;1.81;2629 ;352;serum;Bio-Plex Pro Human Cytokine 27-plex assay
MIP_1a;2.7;0.00;6.32;7;small-for-gestational-age;6;30.4;5.1;24.2;4.9;38.89;1.81;2629 ;352;serum;Bio-Plex Pro Human Cytokine 27-plex assay
MIP_1b;21.44;0.00;38.49;7;small-for-gestational-age;6;30.4;5.1;24.2;4.9;38.89;1.81;2629 ;352;serum;Bio-Plex Pro Human Cytokine 27-plex assay
MCP_1;0;;;7;small-for-gestational-age;6;30.4;5.1;24.2;4.9;38.89;1.81;2629 ;352;serum;Bio-Plex Pro Human Cytokine 27-plex assay
RANTES;190;67.00;265.00;7;small-for-gestational-age;6;30.4;5.1;24.2;4.9;38.89;1.81;2629 ;352;serum;Bio-Plex Pro Human Cytokine 27-plex assay
IL_1b;2.07;0.00;12.67;8;small-for-gestational-age;20;30.4;5.1;24.2;4.9;38.89;1.81;2629 ;352;serum;Bio-Plex Pro Human Cytokine 27-plex assay
IL_2;0;0.00;43.47;8;small-for-gestational-age;20;30.4;5.1;24.2;4.9;38.89;1.81;2629 ;352;serum;Bio-Plex Pro Human Cytokine 27-plex assay
IL_7;9.74;1.60;43.12;8;small-for-gestational-age;20;30.4;5.1;24.2;4.9;38.89;1.81;2629 ;352;serum;Bio-Plex Pro Human Cytokine 27-plex assay
IL_12p70;0;0.00;11.20;8;small-for-gestational-age;20;30.4;5.1;24.2;4.9;38.89;1.81;2629 ;352;serum;Bio-Plex Pro Human Cytokine 27-plex assay
IFN_g;165.34;37.80;502.00;8;small-for-gestational-age;20;30.4;5.1;24.2;4.9;38.89;1.81;2629 ;352;serum;Bio-Plex Pro Human Cytokine 27-plex assay
TNF_a;0;0.00;27.84;8;small-for-gestational-age;20;30.4;5.1;24.2;4.9;38.89;1.81;2629 ;352;serum;Bio-Plex Pro Human Cytokine 27-plex assay
IL_1ra;151.22;0.00;681.00;8;small-for-gestational-age;20;30.4;5.1;24.2;4.9;38.89;1.81;2629 ;352;serum;Bio-Plex Pro Human Cytokine 27-plex assay
IL_4;2.23;0.28;6.29;8;small-for-gestational-age;20;30.4;5.1;24.2;4.9;38.89;1.81;2629 ;352;serum;Bio-Plex Pro Human Cytokine 27-plex assay
IL_5;0.94;0.00;2.72;8;small-for-gestational-age;20;30.4;5.1;24.2;4.9;38.89;1.81;2629 ;352;serum;Bio-Plex Pro Human Cytokine 27-plex assay
IL_6;6.3;1.97;62.14;8;small-for-gestational-age;20;30.4;5.1;24.2;4.9;38.89;1.81;2629 ;352;serum;Bio-Plex Pro Human Cytokine 27-plex assay
IL_9;4.85;0.00;137.30;8;small-for-gestational-age;20;30.4;5.1;24.2;4.9;38.89;1.81;2629 ;352;serum;Bio-Plex Pro Human Cytokine 27-plex assay
IL_10;0;0.00;61.54;8;small-for-gestational-age;20;30.4;5.1;24.2;4.9;38.89;1.81;2629 ;352;serum;Bio-Plex Pro Human Cytokine 27-plex assay
IL_13;0;0.00;12.26;8;small-for-gestational-age;20;30.4;5.1;24.2;4.9;38.89;1.81;2629 ;352;serum;Bio-Plex Pro Human Cytokine 27-plex assay
G_CSF;20.23;6.18;37.76;8;small-for-gestational-age;20;30.4;5.1;24.2;4.9;38.89;1.81;2629 ;352;serum;Bio-Plex Pro Human Cytokine 27-plex assay
PDGF_BB;1638;578.00;3231.00;8;small-for-gestational-age;20;30.4;5.1;24.2;4.9;38.89;1.81;2629 ;352;serum;Bio-Plex Pro Human Cytokine 27-plex assay
IL_8;0;0.00;19.20;8;small-for-gestational-age;20;30.4;5.1;24.2;4.9;38.89;1.81;2629 ;352;serum;Bio-Plex Pro Human Cytokine 27-plex assay
eotaxin;84.23;0.00;185.60;8;small-for-gestational-age;20;30.4;5.1;24.2;4.9;38.89;1.81;2629 ;352;serum;Bio-Plex Pro Human Cytokine 27-plex assay
MIP_1a;2.5;0.00;6.96;8;small-for-gestational-age;20;30.4;5.1;24.2;4.9;38.89;1.81;2629 ;352;serum;Bio-Plex Pro Human Cytokine 27-plex assay
MIP_1b;13.95;0.00;45.11;8;small-for-gestational-age;20;30.4;5.1;24.2;4.9;38.89;1.81;2629 ;352;serum;Bio-Plex Pro Human Cytokine 27-plex assay
MCP_1;0;0.00;116.00;8;small-for-gestational-age;20;30.4;5.1;24.2;4.9;38.89;1.81;2629 ;352;serum;Bio-Plex Pro Human Cytokine 27-plex assay
RANTES;210;57.00;843.00;8;small-for-gestational-age;20;30.4;5.1;24.2;4.9;38.89;1.81;2629 ;352;serum;Bio-Plex Pro Human Cytokine 27-plex assay
IL_1b;0.85;0.00;5.08;9;small-for-gestational-age;21;30.4;5.1;24.2;4.9;38.89;1.81;2629 ;352;serum;Bio-Plex Pro Human Cytokine 27-plex assay
IL_2;0;0.00;12.14;9;small-for-gestational-age;21;30.4;5.1;24.2;4.9;38.89;1.81;2629 ;352;serum;Bio-Plex Pro Human Cytokine 27-plex assay
IL_7;4.23;0.00;32.98;9;small-for-gestational-age;21;30.4;5.1;24.2;4.9;38.89;1.81;2629 ;352;serum;Bio-Plex Pro Human Cytokine 27-plex assay
IL_12p70;0;0.00;9.06;9;small-for-gestational-age;21;30.4;5.1;24.2;4.9;38.89;1.81;2629 ;352;serum;Bio-Plex Pro Human Cytokine 27-plex assay
IFN_g;106.75;8.50;195.90;9;small-for-gestational-age;21;30.4;5.1;24.2;4.9;38.89;1.81;2629 ;352;serum;Bio-Plex Pro Human Cytokine 27-plex assay
TNF_a;0;0.00;16.71;9;small-for-gestational-age;21;30.4;5.1;24.2;4.9;38.89;1.81;2629 ;352;serum;Bio-Plex Pro Human Cytokine 27-plex assay
IL_1ra;58.44;0.00;248.50;9;small-for-gestational-age;21;30.4;5.1;24.2;4.9;38.89;1.81;2629 ;352;serum;Bio-Plex Pro Human Cytokine 27-plex assay
IL_4;1.21;0.00;3.54;9;small-for-gestational-age;21;30.4;5.1;24.2;4.9;38.89;1.81;2629 ;352;serum;Bio-Plex Pro Human Cytokine 27-plex assay
IL_5;0.14;0.00;1.75;9;small-for-gestational-age;21;30.4;5.1;24.2;4.9;38.89;1.81;2629 ;352;serum;Bio-Plex Pro Human Cytokine 27-plex assay
IL_6;3.8;0.00;17.22;9;small-for-gestational-age;21;30.4;5.1;24.2;4.9;38.89;1.81;2629 ;352;serum;Bio-Plex Pro Human Cytokine 27-plex assay
IL_9;0;0.00;15.30;9;small-for-gestational-age;21;30.4;5.1;24.2;4.9;38.89;1.81;2629 ;352;serum;Bio-Plex Pro Human Cytokine 27-plex assay
IL_10;0;0.00;2.08;9;small-for-gestational-age;21;30.4;5.1;24.2;4.9;38.89;1.81;2629 ;352;serum;Bio-Plex Pro Human Cytokine 27-plex assay
IL_13;0;0.00;9.82;9;small-for-gestational-age;21;30.4;5.1;24.2;4.9;38.89;1.81;2629 ;352;serum;Bio-Plex Pro Human Cytokine 27-plex assay
G_CSF;14.21;1.45;25.52;9;small-for-gestational-age;21;30.4;5.1;24.2;4.9;38.89;1.81;2629 ;352;serum;Bio-Plex Pro Human Cytokine 27-plex assay
PDGF_BB;1347;189.00;4413.00;9;small-for-gestational-age;21;30.4;5.1;24.2;4.9;38.89;1.81;2629 ;352;serum;Bio-Plex Pro Human Cytokine 27-plex assay
IL_8;0;0.00;11.16;9;small-for-gestational-age;21;30.4;5.1;24.2;4.9;38.89;1.81;2629 ;352;serum;Bio-Plex Pro Human Cytokine 27-plex assay
eotaxin;55.23;0.00;104.50;9;small-for-gestational-age;21;30.4;5.1;24.2;4.9;38.89;1.81;2629 ;352;serum;Bio-Plex Pro Human Cytokine 27-plex assay
MIP_1a;1.02;0.00;6.80;9;small-for-gestational-age;21;30.4;5.1;24.2;4.9;38.89;1.81;2629 ;352;serum;Bio-Plex Pro Human Cytokine 27-plex assay
MIP_1b;4.58;0.00;34.66;9;small-for-gestational-age;21;30.4;5.1;24.2;4.9;38.89;1.81;2629 ;352;serum;Bio-Plex Pro Human Cytokine 27-plex assay
MCP_1;0;0.00;72.32;9;small-for-gestational-age;21;30.4;5.1;24.2;4.9;38.89;1.81;2629 ;352;serum;Bio-Plex Pro Human Cytokine 27-plex assay
RANTES;204;80.00;895.00;9;small-for-gestational-age;21;30.4;5.1;24.2;4.9;38.89;1.81;2629 ;352;serum;Bio-Plex Pro Human Cytokine 27-plex assay
IL_1b;1.73;0.01;7.85;10;small-for-gestational-age;10;30.4;5.1;24.2;4.9;38.89;1.81;2629 ;352;serum;Bio-Plex Pro Human Cytokine 27-plex assay
IL_2;0;0.00;1.36;10;small-for-gestational-age;10;30.4;5.1;24.2;4.9;38.89;1.81;2629 ;352;serum;Bio-Plex Pro Human Cytokine 27-plex assay
IL_7;6.8;0.00;19.35;10;small-for-gestational-age;10;30.4;5.1;24.2;4.9;38.89;1.81;2629 ;352;serum;Bio-Plex Pro Human Cytokine 27-plex assay
IL_12p70;0.52;0.00;6.79;10;small-for-gestational-age;10;30.4;5.1;24.2;4.9;38.89;1.81;2629 ;352;serum;Bio-Plex Pro Human Cytokine 27-plex assay
IFN_g;111.33;53.90;259.10;10;small-for-gestational-age;10;30.4;5.1;24.2;4.9;38.89;1.81;2629 ;352;serum;Bio-Plex Pro Human Cytokine 27-plex assay
TNF_a;1.96;0.00;35.86;10;small-for-gestational-age;10;30.4;5.1;24.2;4.9;38.89;1.81;2629 ;352;serum;Bio-Plex Pro Human Cytokine 27-plex assay
IL_1ra;43.54;0.00;214.60;10;small-for-gestational-age;10;30.4;5.1;24.2;4.9;38.89;1.81;2629 ;352;serum;Bio-Plex Pro Human Cytokine 27-plex assay
IL_4;1.47;0.20;3.20;10;small-for-gestational-age;10;30.4;5.1;24.2;4.9;38.89;1.81;2629 ;352;serum;Bio-Plex Pro Human Cytokine 27-plex assay
IL_5;0.14;0.00;1.92;10;small-for-gestational-age;10;30.4;5.1;24.2;4.9;38.89;1.81;2629 ;352;serum;Bio-Plex Pro Human Cytokine 27-plex assay
IL_6;4.3;0.71;18.25;10;small-for-gestational-age;10;30.4;5.1;24.2;4.9;38.89;1.81;2629 ;352;serum;Bio-Plex Pro Human Cytokine 27-plex assay
IL_9;2.63;0.00;66.80;10;small-for-gestational-age;10;30.4;5.1;24.2;4.9;38.89;1.81;2629 ;352;serum;Bio-Plex Pro Human Cytokine 27-plex assay
IL_10;0;0.00;2.26;10;small-for-gestational-age;10;30.4;5.1;24.2;4.9;38.89;1.81;2629 ;352;serum;Bio-Plex Pro Human Cytokine 27-plex assay
IL_13;0.79;0.00;6.14;10;small-for-gestational-age;10;30.4;5.1;24.2;4.9;38.89;1.81;2629 ;352;serum;Bio-Plex Pro Human Cytokine 27-plex assay
G_CSF;12.88;0.00;25.14;10;small-for-gestational-age;10;30.4;5.1;24.2;4.9;38.89;1.81;2629 ;352;serum;Bio-Plex Pro Human Cytokine 27-plex assay
PDGF_BB;1264;38.00;2718.00;10;small-for-gestational-age;10;30.4;5.1;24.2;4.9;38.89;1.81;2629 ;352;serum;Bio-Plex Pro Human Cytokine 27-plex assay
IL_8;0;0.00;10.19;10;small-for-gestational-age;10;30.4;5.1;24.2;4.9;38.89;1.81;2629 ;352;serum;Bio-Plex Pro Human Cytokine 27-plex assay
eotaxin;50.75;0.00;100.30;10;small-for-gestational-age;10;30.4;5.1;24.2;4.9;38.89;1.81;2629 ;352;serum;Bio-Plex Pro Human Cytokine 27-plex assay
MIP_1a;0;0.00;8.16;10;small-for-gestational-age;10;30.4;5.1;24.2;4.9;38.89;1.81;2629 ;352;serum;Bio-Plex Pro Human Cytokine 27-plex assay
MIP_1b;4.08;0.00;64.18;10;small-for-gestational-age;10;30.4;5.1;24.2;4.9;38.89;1.81;2629 ;352;serum;Bio-Plex Pro Human Cytokine 27-plex assay
MCP_1;0;0.00;47.95;10;small-for-gestational-age;10;30.4;5.1;24.2;4.9;38.89;1.81;2629 ;352;serum;Bio-Plex Pro Human Cytokine 27-plex assay
RANTES;153;62.00;538.00;10;small-for-gestational-age;10;30.4;5.1;24.2;4.9;38.89;1.81;2629 ;352;serum;Bio-Plex Pro Human Cytokine 27-plex assay
