"","cytokine","value.median","value.range.lower","value.range.upper","unit","n","ga.string","ga.days.percentile.0","ga.days.percentile.100","ga.days.range","condition","condition.onset","condition.onset.def","condition.severity","condition.severity.def","method","age.median","age.percentile.0","age.percentile.100","tissue","birthweight.median","birthweight.percentile.0","birthweight.percentile.100","systolic.median","systolic.percentile.0","systolic.percentile.100","diastolic.median","diastolic.percentile.0","diastolic.percentile.100","author","year","title","doi","design","type","file","ntot","filename","value","value.def","age","age.def","birthweight","birthweight.def","systolic","systolic.def","diastolic","diastolic.def","value.mean","value.sd","ga.weeks.mean","ga.weeks.sd","age.mean","age.sd","ga.weeks","ga.weeks.def","ga","value.lower","value.lower.def","value.upper","value.percentile.25","value.percentile.75","ga.days.mean","ga.days.sd","bmi.baseline.median","bmi.baseline.percentile.25","bmi.baseline.percentile.75","ga.days","ga.days.def","bmi.baseline","bmi.baseline.def","value.upper.def"
"1","IL_6",11.81,2.76,267.4,"pg/mL",104,"",236,160,274,"preeclampsia","","","","Maternal systolic blood pressure >=140 mmHg and/or diastolic blood pressure >=90 mmHg measured on two occasions separated by at least 6 h, and proteinuria >300 mg in a 24 h period or qualitative, >1+, after 20 weeks of gestation","ELISA kit (BD, San Diego, USA)",30,18,40,"serum",NA,NA,NA,157,129,186,108,77,140,"Xiao",2012,"The increased maternal serum levels of IL-6 are associated with the severity and onset of preeclampsia","10.1016/j.cyto.2012.07.039","cross-sectional","aggregated","xiao2012.csv",179,"data/aggregated/xiao2012.csv",11.81,"Median",30,"Median",NA,NA,157,"Median",108,"Median",NA,NA,NA,NA,NA,NA,NA,NA,NA,NA,NA,NA,NA,NA,NA,NA,NA,NA,NA,NA,NA,NA,NA,NA
"2","IL_6",11.76,2.99,249.1,"pg/mL",38,"",NA,NA,NA,"preeclampsia","Early","Before week 32","","","ELISA kit (BD, San Diego, USA)",NA,NA,NA,"serum",NA,NA,NA,NA,NA,NA,NA,NA,NA,"Xiao",2012,"The increased maternal serum levels of IL-6 are associated with the severity and onset of preeclampsia","10.1016/j.cyto.2012.07.039","cross-sectional","aggregated","xiao2012.csv",179,"data/aggregated/xiao2012.csv",11.76,"Median",NA,NA,NA,NA,NA,NA,NA,NA,NA,NA,NA,NA,NA,NA,NA,NA,NA,NA,NA,NA,NA,NA,NA,NA,NA,NA,NA,NA,NA,NA,NA,NA
"3","IL_6",12.22,2.76,267.4,"pg/mL",66,"",NA,NA,NA,"preeclampsia","Late","After week 32","","","ELISA kit (BD, San Diego, USA)",NA,NA,NA,"serum",NA,NA,NA,NA,NA,NA,NA,NA,NA,"Xiao",2012,"The increased maternal serum levels of IL-6 are associated with the severity and onset of preeclampsia","10.1016/j.cyto.2012.07.039","cross-sectional","aggregated","xiao2012.csv",179,"data/aggregated/xiao2012.csv",12.22,"Median",NA,NA,NA,NA,NA,NA,NA,NA,NA,NA,NA,NA,NA,NA,NA,NA,NA,NA,NA,NA,NA,NA,NA,NA,NA,NA,NA,NA,NA,NA,NA,NA
"4","IL_6",17.46,2.76,249.1,"pg/mL",52,"",NA,NA,NA,"preeclampsia","","","Severe","Maternal systolic blood pressure >=160 mmHg and/or diastolic blood pressure >=110 mmHg","ELISA kit (BD, San Diego, USA)",NA,NA,NA,"serum",NA,NA,NA,NA,NA,NA,NA,NA,NA,"Xiao",2012,"The increased maternal serum levels of IL-6 are associated with the severity and onset of preeclampsia","10.1016/j.cyto.2012.07.039","cross-sectional","aggregated","xiao2012.csv",179,"data/aggregated/xiao2012.csv",17.46,"Median",NA,NA,NA,NA,NA,NA,NA,NA,NA,NA,NA,NA,NA,NA,NA,NA,NA,NA,NA,NA,NA,NA,NA,NA,NA,NA,NA,NA,NA,NA,NA,NA
"5","IL_6",10.26,2.99,267.4,"pg/mL",52,"",NA,NA,NA,"preeclampsia","","","Mild/moderate","","ELISA kit (BD, San Diego, USA)",NA,NA,NA,"serum",NA,NA,NA,NA,NA,NA,NA,NA,NA,"Xiao",2012,"The increased maternal serum levels of IL-6 are associated with the severity and onset of preeclampsia","10.1016/j.cyto.2012.07.039","cross-sectional","aggregated","xiao2012.csv",179,"data/aggregated/xiao2012.csv",10.26,"Median",NA,NA,NA,NA,NA,NA,NA,NA,NA,NA,NA,NA,NA,NA,NA,NA,NA,NA,NA,NA,NA,NA,NA,NA,NA,NA,NA,NA,NA,NA,NA,NA
"6","IL_6",10.9,0.605,65.7,"pg/mL",75,"",255,196,295,"healthy","","","","","ELISA kit (BD, San Diego, USA)",26,19,38,"serum",NA,NA,NA,120,90,138,76.5,60,90,"Xiao",2012,"The increased maternal serum levels of IL-6 are associated with the severity and onset of preeclampsia","10.1016/j.cyto.2012.07.039","cross-sectional","aggregated","xiao2012.csv",179,"data/aggregated/xiao2012.csv",10.9,"Median",26,"Median",NA,NA,120,"Median",76.5,"Median",NA,NA,NA,NA,NA,NA,NA,NA,NA,NA,NA,NA,NA,NA,NA,NA,NA,NA,NA,NA,NA,NA,NA,NA
"7","IL_6",9.86,0.605,31.7,"pg/mL",30,"Before week 32",NA,NA,NA,"healthy","","","","","ELISA kit (BD, San Diego, USA)",NA,NA,NA,"serum",NA,NA,NA,NA,NA,NA,NA,NA,NA,"Xiao",2012,"The increased maternal serum levels of IL-6 are associated with the severity and onset of preeclampsia","10.1016/j.cyto.2012.07.039","cross-sectional","aggregated","xiao2012.csv",179,"data/aggregated/xiao2012.csv",9.86,"Median",NA,NA,NA,NA,NA,NA,NA,NA,NA,NA,NA,NA,NA,NA,NA,NA,NA,NA,NA,NA,NA,NA,NA,NA,NA,NA,NA,NA,NA,NA,NA,NA
"8","IL_6",10.9,1.412,65.7,"pg/mL",45,"After week 32",NA,NA,NA,"healthy","","","","","ELISA kit (BD, San Diego, USA)",NA,NA,NA,"serum",NA,NA,NA,NA,NA,NA,NA,NA,NA,"Xiao",2012,"The increased maternal serum levels of IL-6 are associated with the severity and onset of preeclampsia","10.1016/j.cyto.2012.07.039","cross-sectional","aggregated","xiao2012.csv",179,"data/aggregated/xiao2012.csv",10.9,"Median",NA,NA,NA,NA,NA,NA,NA,NA,NA,NA,NA,NA,NA,NA,NA,NA,NA,NA,NA,NA,NA,NA,NA,NA,NA,NA,NA,NA,NA,NA,NA,NA
"9","IL_6",19.96,2.76,249.1,"pg/mL",24,"",198,154,220,"preeclampsia","Early","Before week 32","Severe","Maternal systolic blood pressure >=160 mmHg and/or diastolic blood pressure >=110 mmHg","ELISA kit (BD, San Diego, USA)",31,20,40,"serum",1963,940,3700,177,153,234,122,105,160,"Xiao",2012,"The increased maternal serum levels of IL-6 are associated with the severity and onset of preeclampsia","10.1016/j.cyto.2012.07.039","cross-sectional","aggregated","xiao2012.csv",179,"data/aggregated/xiao2012.csv",19.96,"Median",31,"Median",1963,"Median",177,"Median",122,"Median",NA,NA,NA,NA,NA,NA,NA,NA,NA,NA,NA,NA,NA,NA,NA,NA,NA,NA,NA,NA,NA,NA,NA,NA
"10","IL_6",9.013,3.51,186.8,"pg/mL",14,"",207,175,224,"preeclampsia","Early","Before week 33","Mild/moderate","","ELISA kit (BD, San Diego, USA)",27,20,37,"serum",1838,1150,3700,145,134,159,97,90,108,"Xiao",2012,"The increased maternal serum levels of IL-6 are associated with the severity and onset of preeclampsia","10.1016/j.cyto.2012.07.039","cross-sectional","aggregated","xiao2012.csv",179,"data/aggregated/xiao2012.csv",9.013,"Median",27,"Median",1838,"Median",145,"Median",97,"Median",NA,NA,NA,NA,NA,NA,NA,NA,NA,NA,NA,NA,NA,NA,NA,NA,NA,NA,NA,NA,NA,NA,NA,NA
"11","IL_6",14.02,4.57,237.7,"pg/mL",28,"",249,225,280,"preeclampsia","Late","After week 32","Severe","Maternal systolic blood pressure >=160 mmHg and/or diastolic blood pressure >=110 mmHg","ELISA kit (BD, San Diego, USA)",30,22,41,"serum",2411,1450,4000,170,137,198,110,97,123,"Xiao",2012,"The increased maternal serum levels of IL-6 are associated with the severity and onset of preeclampsia","10.1016/j.cyto.2012.07.039","cross-sectional","aggregated","xiao2012.csv",179,"data/aggregated/xiao2012.csv",14.02,"Median",30,"Median",2411,"Median",170,"Median",110,"Median",NA,NA,NA,NA,NA,NA,NA,NA,NA,NA,NA,NA,NA,NA,NA,NA,NA,NA,NA,NA,NA,NA,NA,NA
"12","IL_6",11.6,2.99,267.4,"pg/mL",38,"",260,226,280,"preeclampsia","Late","After week 32","Mild/moderate","","ELISA kit (BD, San Diego, USA)",27,18,46,"serum",2842,900,4800,146,129,159,96,77,109,"Xiao",2012,"The increased maternal serum levels of IL-6 are associated with the severity and onset of preeclampsia","10.1016/j.cyto.2012.07.039","cross-sectional","aggregated","xiao2012.csv",179,"data/aggregated/xiao2012.csv",11.6,"Median",27,"Median",2842,"Median",146,"Median",96,"Median",NA,NA,NA,NA,NA,NA,NA,NA,NA,NA,NA,NA,NA,NA,NA,NA,NA,NA,NA,NA,NA,NA,NA,NA
"13","IFN_g",NA,NA,NA,"log-pg/mL",87,"Second trimester",NA,NA,NA,"healthy",NA,NA,NA,NA,"Meso Scale Discovery (MSD) instrument (SECTOR Imager 2400; Gaithersburg, MD, USA) using the V-PLEX Proinflammatory Panel 1 (10-Plex)",NA,NA,NA,"maternal",NA,NA,NA,NA,NA,NA,NA,NA,NA,"Ross",2016,"Patterns of peripheral cytokine expression during pregnancy in two cohorts and associations with inflammatory markers in cord blood","10.1111/aji.12563","longitudinal","aggregated","ross2016.csv",NA,"data/aggregated/ross2016.csv",0.79,"Mean",30.5,"Mean",NA,NA,NA,NA,NA,NA,0.79,0.33,22.9,1.41,30.5,5.3,22.9,"Mean",160.3,0.1399,"Upper 95% CI",1.4401,NA,NA,NA,NA,NA,NA,NA,NA,NA,NA,NA,NA
"14","IFN_g",NA,NA,NA,"log-pg/mL",87,"Third trimester",NA,NA,NA,"healthy",NA,NA,NA,NA,"Meso Scale Discovery (MSD) instrument (SECTOR Imager 2400; Gaithersburg, MD, USA) using the V-PLEX Proinflammatory Panel 1 (10-Plex)",NA,NA,NA,"maternal",NA,NA,NA,NA,NA,NA,NA,NA,NA,"Ross",2016,"Patterns of peripheral cytokine expression during pregnancy in two cohorts and associations with inflammatory markers in cord blood","10.1111/aji.12563","longitudinal","aggregated","ross2016.csv",NA,"data/aggregated/ross2016.csv",0.7,"Mean",30.5,"Mean",NA,NA,NA,NA,NA,NA,0.7,0.33,32.6,1.33,30.5,5.3,32.6,"Mean",228.2,0.0498999999999999,"Upper 95% CI",1.3501,NA,NA,NA,NA,NA,NA,NA,NA,NA,NA,NA,NA
"15","IFN_g",NA,NA,NA,"log-pg/mL",87,"Birth",NA,NA,NA,"healthy",NA,NA,NA,NA,"Meso Scale Discovery (MSD) instrument (SECTOR Imager 2400; Gaithersburg, MD, USA) using the V-PLEX Proinflammatory Panel 1 (10-Plex)",NA,NA,NA,"cord plasma",NA,NA,NA,NA,NA,NA,NA,NA,NA,"Ross",2016,"Patterns of peripheral cytokine expression during pregnancy in two cohorts and associations with inflammatory markers in cord blood","10.1111/aji.12563","longitudinal","aggregated","ross2016.csv",NA,"data/aggregated/ross2016.csv",0.77,"Mean",30.5,"Mean",NA,NA,NA,NA,NA,NA,0.77,0.14,39.2,1.15,30.5,5.3,39.2,"Mean",274.4,0.4942,"Upper 95% CI",1.0458,NA,NA,NA,NA,NA,NA,NA,NA,NA,NA,NA,NA
"16","IFN_g",NA,NA,NA,"log-pg/mL",539,"Second trimester",NA,NA,NA,"healthy",NA,NA,NA,NA,"A custom MSD V-Plex assay",NA,NA,NA,"plasma",NA,NA,NA,NA,NA,NA,NA,NA,NA,"Ross",2016,"Patterns of peripheral cytokine expression during pregnancy in two cohorts and associations with inflammatory markers in cord blood","10.1111/aji.12563","longitudinal","aggregated","ross2016.csv",NA,"data/aggregated/ross2016.csv",0.65,"Mean",29.6,"Mean",NA,NA,NA,NA,NA,NA,0.65,0.21,16.5,2.49,29.6,5.77,16.5,"Mean",115.5,0.2363,"Upper 95% CI",1.0637,NA,NA,NA,NA,NA,NA,NA,NA,NA,NA,NA,NA
"17","IFN_g",NA,NA,NA,"log-pg/mL",539,"Third trimester",NA,NA,NA,"healthy",NA,NA,NA,NA,"A custom MSD V-Plex assay",NA,NA,NA,"plasma",NA,NA,NA,NA,NA,NA,NA,NA,NA,"Ross",2016,"Patterns of peripheral cytokine expression during pregnancy in two cohorts and associations with inflammatory markers in cord blood","10.1111/aji.12563","longitudinal","aggregated","ross2016.csv",NA,"data/aggregated/ross2016.csv",0.63,"Mean",29.6,"Mean",NA,NA,NA,NA,NA,NA,0.63,0.19,33.7,1.2,29.6,5.77,33.7,"Mean",235.9,0.2557,"Upper 95% CI",1.0043,NA,NA,NA,NA,NA,NA,NA,NA,NA,NA,NA,NA
"18","IL_10",NA,NA,NA,"log-pg/mL",87,"Second trimester",NA,NA,NA,"healthy",NA,NA,NA,NA,"Meso Scale Discovery (MSD) instrument (SECTOR Imager 2400; Gaithersburg, MD, USA) using the V-PLEX Proinflammatory Panel 1 (10-Plex)",NA,NA,NA,"maternal",NA,NA,NA,NA,NA,NA,NA,NA,NA,"Ross",2016,"Patterns of peripheral cytokine expression during pregnancy in two cohorts and associations with inflammatory markers in cord blood","10.1111/aji.12563","longitudinal","aggregated","ross2016.csv",NA,"data/aggregated/ross2016.csv",0.15,"Mean",30.5,"Mean",NA,NA,NA,NA,NA,NA,0.15,0.15,22.9,1.41,30.5,5.3,22.9,"Mean",160.3,-0.1455,"Upper 95% CI",0.4455,NA,NA,NA,NA,NA,NA,NA,NA,NA,NA,NA,NA
"19","IL_10",NA,NA,NA,"log-pg/mL",87,"Third trimester",NA,NA,NA,"healthy",NA,NA,NA,NA,"Meso Scale Discovery (MSD) instrument (SECTOR Imager 2400; Gaithersburg, MD, USA) using the V-PLEX Proinflammatory Panel 1 (10-Plex)",NA,NA,NA,"maternal",NA,NA,NA,NA,NA,NA,NA,NA,NA,"Ross",2016,"Patterns of peripheral cytokine expression during pregnancy in two cohorts and associations with inflammatory markers in cord blood","10.1111/aji.12563","longitudinal","aggregated","ross2016.csv",NA,"data/aggregated/ross2016.csv",0.13,"Mean",30.5,"Mean",NA,NA,NA,NA,NA,NA,0.13,0.1,32.6,1.33,30.5,5.3,32.6,"Mean",228.2,-0.067,"Upper 95% CI",0.327,NA,NA,NA,NA,NA,NA,NA,NA,NA,NA,NA,NA
"20","IL_10",NA,NA,NA,"log-pg/mL",87,"Birth",NA,NA,NA,"healthy",NA,NA,NA,NA,"Meso Scale Discovery (MSD) instrument (SECTOR Imager 2400; Gaithersburg, MD, USA) using the V-PLEX Proinflammatory Panel 1 (10-Plex)",NA,NA,NA,"cord plasma",NA,NA,NA,NA,NA,NA,NA,NA,NA,"Ross",2016,"Patterns of peripheral cytokine expression during pregnancy in two cohorts and associations with inflammatory markers in cord blood","10.1111/aji.12563","longitudinal","aggregated","ross2016.csv",NA,"data/aggregated/ross2016.csv",0.22,"Mean",30.5,"Mean",NA,NA,NA,NA,NA,NA,0.22,0.1,39.2,1.15,30.5,5.3,39.2,"Mean",274.4,0.023,"Upper 95% CI",0.417,NA,NA,NA,NA,NA,NA,NA,NA,NA,NA,NA,NA
"21","IL_10",NA,NA,NA,"log-pg/mL",539,"Second trimester",NA,NA,NA,"healthy",NA,NA,NA,NA,"A custom MSD V-Plex assay",NA,NA,NA,"plasma",NA,NA,NA,NA,NA,NA,NA,NA,NA,"Ross",2016,"Patterns of peripheral cytokine expression during pregnancy in two cohorts and associations with inflammatory markers in cord blood","10.1111/aji.12563","longitudinal","aggregated","ross2016.csv",NA,"data/aggregated/ross2016.csv",0.14,"Mean",29.6,"Mean",NA,NA,NA,NA,NA,NA,0.14,0.07,16.5,2.49,29.6,5.77,16.5,"Mean",115.5,0.00209999999999999,"Upper 95% CI",0.2779,NA,NA,NA,NA,NA,NA,NA,NA,NA,NA,NA,NA
"22","IL_10",NA,NA,NA,"log-pg/mL",539,"Third trimester",NA,NA,NA,"healthy",NA,NA,NA,NA,"A custom MSD V-Plex assay",NA,NA,NA,"plasma",NA,NA,NA,NA,NA,NA,NA,NA,NA,"Ross",2016,"Patterns of peripheral cytokine expression during pregnancy in two cohorts and associations with inflammatory markers in cord blood","10.1111/aji.12563","longitudinal","aggregated","ross2016.csv",NA,"data/aggregated/ross2016.csv",0.14,"Mean",29.6,"Mean",NA,NA,NA,NA,NA,NA,0.14,0.07,33.7,1.2,29.6,5.77,33.7,"Mean",235.9,0.00209999999999999,"Upper 95% CI",0.2779,NA,NA,NA,NA,NA,NA,NA,NA,NA,NA,NA,NA
"23","IL_13",NA,NA,NA,"log-pg/mL",87,"Second trimester",NA,NA,NA,"healthy",NA,NA,NA,NA,"Meso Scale Discovery (MSD) instrument (SECTOR Imager 2400; Gaithersburg, MD, USA) using the V-PLEX Proinflammatory Panel 1 (10-Plex)",NA,NA,NA,"maternal",NA,NA,NA,NA,NA,NA,NA,NA,NA,"Ross",2016,"Patterns of peripheral cytokine expression during pregnancy in two cohorts and associations with inflammatory markers in cord blood","10.1111/aji.12563","longitudinal","aggregated","ross2016.csv",NA,"data/aggregated/ross2016.csv",0.53,"Mean",30.5,"Mean",NA,NA,NA,NA,NA,NA,0.53,0.356,22.9,1.41,30.5,5.3,22.9,"Mean",160.3,-0.17132,"Upper 95% CI",1.23132,NA,NA,NA,NA,NA,NA,NA,NA,NA,NA,NA,NA
"24","IL_13",NA,NA,NA,"log-pg/mL",87,"Third trimester",NA,NA,NA,"healthy",NA,NA,NA,NA,"Meso Scale Discovery (MSD) instrument (SECTOR Imager 2400; Gaithersburg, MD, USA) using the V-PLEX Proinflammatory Panel 1 (10-Plex)",NA,NA,NA,"maternal",NA,NA,NA,NA,NA,NA,NA,NA,NA,"Ross",2016,"Patterns of peripheral cytokine expression during pregnancy in two cohorts and associations with inflammatory markers in cord blood","10.1111/aji.12563","longitudinal","aggregated","ross2016.csv",NA,"data/aggregated/ross2016.csv",0.53,"Mean",30.5,"Mean",NA,NA,NA,NA,NA,NA,0.53,0.346,32.6,1.33,30.5,5.3,32.6,"Mean",228.2,-0.15162,"Upper 95% CI",1.21162,NA,NA,NA,NA,NA,NA,NA,NA,NA,NA,NA,NA
"25","IL_13",NA,NA,NA,"log-pg/mL",87,"Birth",NA,NA,NA,"healthy",NA,NA,NA,NA,"Meso Scale Discovery (MSD) instrument (SECTOR Imager 2400; Gaithersburg, MD, USA) using the V-PLEX Proinflammatory Panel 1 (10-Plex)",NA,NA,NA,"cord plasma",NA,NA,NA,NA,NA,NA,NA,NA,NA,"Ross",2016,"Patterns of peripheral cytokine expression during pregnancy in two cohorts and associations with inflammatory markers in cord blood","10.1111/aji.12563","longitudinal","aggregated","ross2016.csv",NA,"data/aggregated/ross2016.csv",0.71,"Mean",30.5,"Mean",NA,NA,NA,NA,NA,NA,0.71,0.33,39.2,1.15,30.5,5.3,39.2,"Mean",274.4,0.0599,"Upper 95% CI",1.3601,NA,NA,NA,NA,NA,NA,NA,NA,NA,NA,NA,NA
"26","IL_13",NA,NA,NA,"log-pg/mL",539,"Second trimester",NA,NA,NA,"healthy",NA,NA,NA,NA,"A custom MSD V-Plex assay",NA,NA,NA,"plasma",NA,NA,NA,NA,NA,NA,NA,NA,NA,"Ross",2016,"Patterns of peripheral cytokine expression during pregnancy in two cohorts and associations with inflammatory markers in cord blood","10.1111/aji.12563","longitudinal","aggregated","ross2016.csv",NA,"data/aggregated/ross2016.csv",0.55,"Mean",29.6,"Mean",NA,NA,NA,NA,NA,NA,0.55,0.294,16.5,2.49,29.6,5.77,16.5,"Mean",115.5,-0.0291799999999999,"Upper 95% CI",1.12918,NA,NA,NA,NA,NA,NA,NA,NA,NA,NA,NA,NA
"27","IL_13",NA,NA,NA,"log-pg/mL",539,"Third trimester",NA,NA,NA,"healthy",NA,NA,NA,NA,"A custom MSD V-Plex assay",NA,NA,NA,"plasma",NA,NA,NA,NA,NA,NA,NA,NA,NA,"Ross",2016,"Patterns of peripheral cytokine expression during pregnancy in two cohorts and associations with inflammatory markers in cord blood","10.1111/aji.12563","longitudinal","aggregated","ross2016.csv",NA,"data/aggregated/ross2016.csv",0.56,"Mean",29.6,"Mean",NA,NA,NA,NA,NA,NA,0.56,0.29,33.7,1.2,29.6,5.77,33.7,"Mean",235.9,-0.0112999999999999,"Upper 95% CI",1.1313,NA,NA,NA,NA,NA,NA,NA,NA,NA,NA,NA,NA
"28","IL_6",NA,NA,NA,"log-pg/mL",87,"Second trimester",NA,NA,NA,"healthy",NA,NA,NA,NA,"Meso Scale Discovery (MSD) instrument (SECTOR Imager 2400; Gaithersburg, MD, USA) using the V-PLEX Proinflammatory Panel 1 (10-Plex)",NA,NA,NA,"maternal",NA,NA,NA,NA,NA,NA,NA,NA,NA,"Ross",2016,"Patterns of peripheral cytokine expression during pregnancy in two cohorts and associations with inflammatory markers in cord blood","10.1111/aji.12563","longitudinal","aggregated","ross2016.csv",NA,"data/aggregated/ross2016.csv",0.2,"Mean",30.5,"Mean",NA,NA,NA,NA,NA,NA,0.2,0.142,22.9,1.41,30.5,5.3,22.9,"Mean",160.3,-0.07974,"Upper 95% CI",0.47974,NA,NA,NA,NA,NA,NA,NA,NA,NA,NA,NA,NA
"29","IL_6",NA,NA,NA,"log-pg/mL",87,"Third trimester",NA,NA,NA,"healthy",NA,NA,NA,NA,"Meso Scale Discovery (MSD) instrument (SECTOR Imager 2400; Gaithersburg, MD, USA) using the V-PLEX Proinflammatory Panel 1 (10-Plex)",NA,NA,NA,"maternal",NA,NA,NA,NA,NA,NA,NA,NA,NA,"Ross",2016,"Patterns of peripheral cytokine expression during pregnancy in two cohorts and associations with inflammatory markers in cord blood","10.1111/aji.12563","longitudinal","aggregated","ross2016.csv",NA,"data/aggregated/ross2016.csv",0.218,"Mean",30.5,"Mean",NA,NA,NA,NA,NA,NA,0.218,0.14,32.6,1.33,30.5,5.3,32.6,"Mean",228.2,-0.0578,"Upper 95% CI",0.4938,NA,NA,NA,NA,NA,NA,NA,NA,NA,NA,NA,NA
"30","IL_6",NA,NA,NA,"log-pg/mL",87,"Birth",NA,NA,NA,"healthy",NA,NA,NA,NA,"Meso Scale Discovery (MSD) instrument (SECTOR Imager 2400; Gaithersburg, MD, USA) using the V-PLEX Proinflammatory Panel 1 (10-Plex)",NA,NA,NA,"cord plasma",NA,NA,NA,NA,NA,NA,NA,NA,NA,"Ross",2016,"Patterns of peripheral cytokine expression during pregnancy in two cohorts and associations with inflammatory markers in cord blood","10.1111/aji.12563","longitudinal","aggregated","ross2016.csv",NA,"data/aggregated/ross2016.csv",0.51,"Mean",30.5,"Mean",NA,NA,NA,NA,NA,NA,0.51,0.28,39.2,1.15,30.5,5.3,39.2,"Mean",274.4,-0.0416000000000001,"Upper 95% CI",1.0616,NA,NA,NA,NA,NA,NA,NA,NA,NA,NA,NA,NA
"31","IL_6",NA,NA,NA,"log-pg/mL",539,"Second trimester",NA,NA,NA,"healthy",NA,NA,NA,NA,"A custom MSD V-Plex assay",NA,NA,NA,"plasma",NA,NA,NA,NA,NA,NA,NA,NA,NA,"Ross",2016,"Patterns of peripheral cytokine expression during pregnancy in two cohorts and associations with inflammatory markers in cord blood","10.1111/aji.12563","longitudinal","aggregated","ross2016.csv",NA,"data/aggregated/ross2016.csv",0.19,"Mean",29.6,"Mean",NA,NA,NA,NA,NA,NA,0.19,0.09,16.5,2.49,29.6,5.77,16.5,"Mean",115.5,0.0127,"Upper 95% CI",0.3673,NA,NA,NA,NA,NA,NA,NA,NA,NA,NA,NA,NA
"32","IL_6",NA,NA,NA,"log-pg/mL",539,"Third trimester",NA,NA,NA,"healthy",NA,NA,NA,NA,"A custom MSD V-Plex assay",NA,NA,NA,"plasma",NA,NA,NA,NA,NA,NA,NA,NA,NA,"Ross",2016,"Patterns of peripheral cytokine expression during pregnancy in two cohorts and associations with inflammatory markers in cord blood","10.1111/aji.12563","longitudinal","aggregated","ross2016.csv",NA,"data/aggregated/ross2016.csv",0.23,"Mean",29.6,"Mean",NA,NA,NA,NA,NA,NA,0.23,0.08,33.7,1.2,29.6,5.77,33.7,"Mean",235.9,0.0724,"Upper 95% CI",0.3876,NA,NA,NA,NA,NA,NA,NA,NA,NA,NA,NA,NA
"33","IL_8",NA,NA,NA,"log-pg/mL",87,"Second trimester",NA,NA,NA,"healthy",NA,NA,NA,NA,"Meso Scale Discovery (MSD) instrument (SECTOR Imager 2400; Gaithersburg, MD, USA) using the V-PLEX Proinflammatory Panel 1 (10-Plex)",NA,NA,NA,"maternal",NA,NA,NA,NA,NA,NA,NA,NA,NA,"Ross",2016,"Patterns of peripheral cytokine expression during pregnancy in two cohorts and associations with inflammatory markers in cord blood","10.1111/aji.12563","longitudinal","aggregated","ross2016.csv",NA,"data/aggregated/ross2016.csv",0.72,"Mean",30.5,"Mean",NA,NA,NA,NA,NA,NA,0.72,0.144,22.9,1.41,30.5,5.3,22.9,"Mean",160.3,0.43632,"Upper 95% CI",1.00368,NA,NA,NA,NA,NA,NA,NA,NA,NA,NA,NA,NA
"34","IL_8",NA,NA,NA,"log-pg/mL",87,"Third trimester",NA,NA,NA,"healthy",NA,NA,NA,NA,"Meso Scale Discovery (MSD) instrument (SECTOR Imager 2400; Gaithersburg, MD, USA) using the V-PLEX Proinflammatory Panel 1 (10-Plex)",NA,NA,NA,"maternal",NA,NA,NA,NA,NA,NA,NA,NA,NA,"Ross",2016,"Patterns of peripheral cytokine expression during pregnancy in two cohorts and associations with inflammatory markers in cord blood","10.1111/aji.12563","longitudinal","aggregated","ross2016.csv",NA,"data/aggregated/ross2016.csv",0.77,"Mean",30.5,"Mean",NA,NA,NA,NA,NA,NA,0.77,0.13,32.6,1.33,30.5,5.3,32.6,"Mean",228.2,0.5139,"Upper 95% CI",1.0261,NA,NA,NA,NA,NA,NA,NA,NA,NA,NA,NA,NA
"35","IL_8",NA,NA,NA,"log-pg/mL",87,"Birth",NA,NA,NA,"healthy",NA,NA,NA,NA,"Meso Scale Discovery (MSD) instrument (SECTOR Imager 2400; Gaithersburg, MD, USA) using the V-PLEX Proinflammatory Panel 1 (10-Plex)",NA,NA,NA,"cord plasma",NA,NA,NA,NA,NA,NA,NA,NA,NA,"Ross",2016,"Patterns of peripheral cytokine expression during pregnancy in two cohorts and associations with inflammatory markers in cord blood","10.1111/aji.12563","longitudinal","aggregated","ross2016.csv",NA,"data/aggregated/ross2016.csv",0.93,"Mean",30.5,"Mean",NA,NA,NA,NA,NA,NA,0.93,0.35,39.2,1.15,30.5,5.3,39.2,"Mean",274.4,0.2405,"Upper 95% CI",1.6195,NA,NA,NA,NA,NA,NA,NA,NA,NA,NA,NA,NA
"36","IL_8",NA,NA,NA,"log-pg/mL",539,"Second trimester",NA,NA,NA,"healthy",NA,NA,NA,NA,"A custom MSD V-Plex assay",NA,NA,NA,"plasma",NA,NA,NA,NA,NA,NA,NA,NA,NA,"Ross",2016,"Patterns of peripheral cytokine expression during pregnancy in two cohorts and associations with inflammatory markers in cord blood","10.1111/aji.12563","longitudinal","aggregated","ross2016.csv",NA,"data/aggregated/ross2016.csv",0.46,"Mean",29.6,"Mean",NA,NA,NA,NA,NA,NA,0.46,0.13,16.5,2.49,29.6,5.77,16.5,"Mean",115.5,0.2039,"Upper 95% CI",0.7161,NA,NA,NA,NA,NA,NA,NA,NA,NA,NA,NA,NA
"37","IL_8",NA,NA,NA,"log-pg/mL",539,"Third trimester",NA,NA,NA,"healthy",NA,NA,NA,NA,"A custom MSD V-Plex assay",NA,NA,NA,"plasma",NA,NA,NA,NA,NA,NA,NA,NA,NA,"Ross",2016,"Patterns of peripheral cytokine expression during pregnancy in two cohorts and associations with inflammatory markers in cord blood","10.1111/aji.12563","longitudinal","aggregated","ross2016.csv",NA,"data/aggregated/ross2016.csv",0.47,"Mean",29.6,"Mean",NA,NA,NA,NA,NA,NA,0.47,0.12,33.7,1.2,29.6,5.77,33.7,"Mean",235.9,0.2336,"Upper 95% CI",0.7064,NA,NA,NA,NA,NA,NA,NA,NA,NA,NA,NA,NA
"38","TNF_a",NA,NA,NA,"log-pg/mL",87,"Second trimester",NA,NA,NA,"healthy",NA,NA,NA,NA,"Meso Scale Discovery (MSD) instrument (SECTOR Imager 2400; Gaithersburg, MD, USA) using the V-PLEX Proinflammatory Panel 1 (10-Plex)",NA,NA,NA,"maternal",NA,NA,NA,NA,NA,NA,NA,NA,NA,"Ross",2016,"Patterns of peripheral cytokine expression during pregnancy in two cohorts and associations with inflammatory markers in cord blood","10.1111/aji.12563","longitudinal","aggregated","ross2016.csv",NA,"data/aggregated/ross2016.csv",0.347,"Mean",30.5,"Mean",NA,NA,NA,NA,NA,NA,0.347,0.123,22.9,1.41,30.5,5.3,22.9,"Mean",160.3,0.10469,"Upper 95% CI",0.58931,NA,NA,NA,NA,NA,NA,NA,NA,NA,NA,NA,NA
"39","TNF_a",NA,NA,NA,"log-pg/mL",87,"Third trimester",NA,NA,NA,"healthy",NA,NA,NA,NA,"Meso Scale Discovery (MSD) instrument (SECTOR Imager 2400; Gaithersburg, MD, USA) using the V-PLEX Proinflammatory Panel 1 (10-Plex)",NA,NA,NA,"maternal",NA,NA,NA,NA,NA,NA,NA,NA,NA,"Ross",2016,"Patterns of peripheral cytokine expression during pregnancy in two cohorts and associations with inflammatory markers in cord blood","10.1111/aji.12563","longitudinal","aggregated","ross2016.csv",NA,"data/aggregated/ross2016.csv",0.348,"Mean",30.5,"Mean",NA,NA,NA,NA,NA,NA,0.348,0.124,32.6,1.33,30.5,5.3,32.6,"Mean",228.2,0.10372,"Upper 95% CI",0.59228,NA,NA,NA,NA,NA,NA,NA,NA,NA,NA,NA,NA
"40","TNF_a",NA,NA,NA,"log-pg/mL",87,"Birth",NA,NA,NA,"healthy",NA,NA,NA,NA,"Meso Scale Discovery (MSD) instrument (SECTOR Imager 2400; Gaithersburg, MD, USA) using the V-PLEX Proinflammatory Panel 1 (10-Plex)",NA,NA,NA,"cord plasma",NA,NA,NA,NA,NA,NA,NA,NA,NA,"Ross",2016,"Patterns of peripheral cytokine expression during pregnancy in two cohorts and associations with inflammatory markers in cord blood","10.1111/aji.12563","longitudinal","aggregated","ross2016.csv",NA,"data/aggregated/ross2016.csv",0.569,"Mean",30.5,"Mean",NA,NA,NA,NA,NA,NA,0.569,0.075,39.2,1.15,30.5,5.3,39.2,"Mean",274.4,0.42125,"Upper 95% CI",0.71675,NA,NA,NA,NA,NA,NA,NA,NA,NA,NA,NA,NA
"41","TNF_a",NA,NA,NA,"log-pg/mL",539,"Second trimester",NA,NA,NA,"healthy",NA,NA,NA,NA,"A custom MSD V-Plex assay",NA,NA,NA,"plasma",NA,NA,NA,NA,NA,NA,NA,NA,NA,"Ross",2016,"Patterns of peripheral cytokine expression during pregnancy in two cohorts and associations with inflammatory markers in cord blood","10.1111/aji.12563","longitudinal","aggregated","ross2016.csv",NA,"data/aggregated/ross2016.csv",0.297,"Mean",29.6,"Mean",NA,NA,NA,NA,NA,NA,0.297,0.066,16.5,2.49,29.6,5.77,16.5,"Mean",115.5,0.16698,"Upper 95% CI",0.42702,NA,NA,NA,NA,NA,NA,NA,NA,NA,NA,NA,NA
"42","TNF_a",NA,NA,NA,"log-pg/mL",539,"Third trimester",NA,NA,NA,"healthy",NA,NA,NA,NA,"A custom MSD V-Plex assay",NA,NA,NA,"plasma",NA,NA,NA,NA,NA,NA,NA,NA,NA,"Ross",2016,"Patterns of peripheral cytokine expression during pregnancy in two cohorts and associations with inflammatory markers in cord blood","10.1111/aji.12563","longitudinal","aggregated","ross2016.csv",NA,"data/aggregated/ross2016.csv",0.311,"Mean",29.6,"Mean",NA,NA,NA,NA,NA,NA,0.311,0.064,33.7,1.2,29.6,5.77,33.7,"Mean",235.9,0.18492,"Upper 95% CI",0.43708,NA,NA,NA,NA,NA,NA,NA,NA,NA,NA,NA,NA
"43","CRP",3.5,NA,NA,"ug/mL",104,"GA 10 weeks",NA,NA,NA,"healthy",NA,NA,NA,NA,"Human CRP Quantikine kit (R&D technologies, MN, USA)",NA,NA,NA,"serum",NA,NA,NA,NA,NA,NA,NA,NA,NA,"Stokkeland",2019,"Serum cytokine patterns in first half of pregnancy","10.1016/j.cyto.2019.03.013","longitudinal","aggregated","stokkeland2019.csv",NA,"data/aggregated/stokkeland2019.csv",3.5,"Median",28.7,"Mean",NA,NA,NA,NA,NA,NA,NA,NA,NA,NA,28.7,4.2,NA,NA,75,1.4,"25 percentile",7.2,1.4,7.2,75,7,22.9,21.5,25.1,75,"Mean",22.9,"Median","75 percentile"
"44","CRP",4.8,NA,NA,"ug/mL",96,"GA 12 weeks",NA,NA,NA,"healthy",NA,NA,NA,NA,"Human CRP Quantikine kit (R&D technologies, MN, USA)",NA,NA,NA,"serum",NA,NA,NA,NA,NA,NA,NA,NA,NA,"Stokkeland",2019,"Serum cytokine patterns in first half of pregnancy","10.1016/j.cyto.2019.03.013","longitudinal","aggregated","stokkeland2019.csv",NA,"data/aggregated/stokkeland2019.csv",4.8,"Median",28.7,"Mean",NA,NA,NA,NA,NA,NA,NA,NA,NA,NA,28.7,4.2,NA,NA,91,2.2,"25 percentile",7.3,2.2,7.3,91,6,22.9,21.5,25.1,91,"Mean",22.9,"Median","75 percentile"
"45","CRP",4.9,NA,NA,"ug/mL",93,"GA 19 weeks",NA,NA,NA,"healthy",NA,NA,NA,NA,"Human CRP Quantikine kit (R&D technologies, MN, USA)",NA,NA,NA,"serum",NA,NA,NA,NA,NA,NA,NA,NA,NA,"Stokkeland",2019,"Serum cytokine patterns in first half of pregnancy","10.1016/j.cyto.2019.03.013","longitudinal","aggregated","stokkeland2019.csv",NA,"data/aggregated/stokkeland2019.csv",4.9,"Median",28.7,"Mean",NA,NA,NA,NA,NA,NA,NA,NA,NA,NA,28.7,4.2,NA,NA,130,2.6,"25 percentile",7.9,2.6,7.9,130,5,22.9,21.5,25.1,130,"Mean",22.9,"Median","75 percentile"
"46","CRP",4.6,NA,NA,"ug/mL",101,"GA 24 weeks",NA,NA,NA,"healthy",NA,NA,NA,NA,"Human CRP Quantikine kit (R&D technologies, MN, USA)",NA,NA,NA,"serum",NA,NA,NA,NA,NA,NA,NA,NA,NA,"Stokkeland",2019,"Serum cytokine patterns in first half of pregnancy","10.1016/j.cyto.2019.03.013","longitudinal","aggregated","stokkeland2019.csv",NA,"data/aggregated/stokkeland2019.csv",4.6,"Median",28.7,"Mean",NA,NA,NA,NA,NA,NA,NA,NA,NA,NA,28.7,4.2,NA,NA,170,1.9,"25 percentile",8.5,1.9,8.5,170,7,22.9,21.5,25.1,170,"Mean",22.9,"Median","75 percentile"
"47","IL_1b",1.6,NA,NA,"pg/mL",104,"GA 10 weeks",NA,NA,NA,"healthy",NA,NA,NA,NA,"Bio-Plex Pro Human Cytokine 27-Plex Assay",NA,NA,NA,"serum",NA,NA,NA,NA,NA,NA,NA,NA,NA,"Stokkeland",2019,"Serum cytokine patterns in first half of pregnancy","10.1016/j.cyto.2019.03.013","longitudinal","aggregated","stokkeland2019.csv",NA,"data/aggregated/stokkeland2019.csv",1.6,"Median",28.7,"Mean",NA,NA,NA,NA,NA,NA,NA,NA,NA,NA,28.7,4.2,NA,NA,75,1.2,"25 percentile",2,1.2,2,75,7,22.9,21.5,25.1,75,"Mean",22.9,"Median","75 percentile"
"48","IL_1b",1.6,NA,NA,"pg/mL",96,"GA 12 weeks",NA,NA,NA,"healthy",NA,NA,NA,NA,"Bio-Plex Pro Human Cytokine 27-Plex Assay",NA,NA,NA,"serum",NA,NA,NA,NA,NA,NA,NA,NA,NA,"Stokkeland",2019,"Serum cytokine patterns in first half of pregnancy","10.1016/j.cyto.2019.03.013","longitudinal","aggregated","stokkeland2019.csv",NA,"data/aggregated/stokkeland2019.csv",1.6,"Median",28.7,"Mean",NA,NA,NA,NA,NA,NA,NA,NA,NA,NA,28.7,4.2,NA,NA,91,1.1,"25 percentile",1.9,1.1,1.9,91,6,22.9,21.5,25.1,91,"Mean",22.9,"Median","75 percentile"
"49","IL_1b",1.5,NA,NA,"pg/mL",93,"GA 19 weeks",NA,NA,NA,"healthy",NA,NA,NA,NA,"Bio-Plex Pro Human Cytokine 27-Plex Assay",NA,NA,NA,"serum",NA,NA,NA,NA,NA,NA,NA,NA,NA,"Stokkeland",2019,"Serum cytokine patterns in first half of pregnancy","10.1016/j.cyto.2019.03.013","longitudinal","aggregated","stokkeland2019.csv",NA,"data/aggregated/stokkeland2019.csv",1.5,"Median",28.7,"Mean",NA,NA,NA,NA,NA,NA,NA,NA,NA,NA,28.7,4.2,NA,NA,130,1.2,"25 percentile",1.9,1.2,1.9,130,5,22.9,21.5,25.1,130,"Mean",22.9,"Median","75 percentile"
"50","IL_1b",1.5,NA,NA,"pg/mL",101,"GA 24 weeks",NA,NA,NA,"healthy",NA,NA,NA,NA,"Bio-Plex Pro Human Cytokine 27-Plex Assay",NA,NA,NA,"serum",NA,NA,NA,NA,NA,NA,NA,NA,NA,"Stokkeland",2019,"Serum cytokine patterns in first half of pregnancy","10.1016/j.cyto.2019.03.013","longitudinal","aggregated","stokkeland2019.csv",NA,"data/aggregated/stokkeland2019.csv",1.5,"Median",28.7,"Mean",NA,NA,NA,NA,NA,NA,NA,NA,NA,NA,28.7,4.2,NA,NA,170,1.2,"25 percentile",1.6,1.2,1.6,170,7,22.9,21.5,25.1,170,"Mean",22.9,"Median","75 percentile"
"51","IL_2",1.7,NA,NA,"pg/mL",104,"GA 10 weeks",NA,NA,NA,"healthy",NA,NA,NA,NA,"Bio-Plex Pro Human Cytokine 27-Plex Assay",NA,NA,NA,"serum",NA,NA,NA,NA,NA,NA,NA,NA,NA,"Stokkeland",2019,"Serum cytokine patterns in first half of pregnancy","10.1016/j.cyto.2019.03.013","longitudinal","aggregated","stokkeland2019.csv",NA,"data/aggregated/stokkeland2019.csv",1.7,"Median",28.7,"Mean",NA,NA,NA,NA,NA,NA,NA,NA,NA,NA,28.7,4.2,NA,NA,75,0.6,"25 percentile",3.4,0.6,3.4,75,7,22.9,21.5,25.1,75,"Mean",22.9,"Median","75 percentile"
"52","IL_2",1.6,NA,NA,"pg/mL",96,"GA 12 weeks",NA,NA,NA,"healthy",NA,NA,NA,NA,"Bio-Plex Pro Human Cytokine 27-Plex Assay",NA,NA,NA,"serum",NA,NA,NA,NA,NA,NA,NA,NA,NA,"Stokkeland",2019,"Serum cytokine patterns in first half of pregnancy","10.1016/j.cyto.2019.03.013","longitudinal","aggregated","stokkeland2019.csv",NA,"data/aggregated/stokkeland2019.csv",1.6,"Median",28.7,"Mean",NA,NA,NA,NA,NA,NA,NA,NA,NA,NA,28.7,4.2,NA,NA,91,0.7,"25 percentile",2.9,0.7,2.9,91,6,22.9,21.5,25.1,91,"Mean",22.9,"Median","75 percentile"
"53","IL_2",1.1,NA,NA,"pg/mL",93,"GA 19 weeks",NA,NA,NA,"healthy",NA,NA,NA,NA,"Bio-Plex Pro Human Cytokine 27-Plex Assay",NA,NA,NA,"serum",NA,NA,NA,NA,NA,NA,NA,NA,NA,"Stokkeland",2019,"Serum cytokine patterns in first half of pregnancy","10.1016/j.cyto.2019.03.013","longitudinal","aggregated","stokkeland2019.csv",NA,"data/aggregated/stokkeland2019.csv",1.1,"Median",28.7,"Mean",NA,NA,NA,NA,NA,NA,NA,NA,NA,NA,28.7,4.2,NA,NA,130,0.4,"25 percentile",3,0.4,3,130,5,22.9,21.5,25.1,130,"Mean",22.9,"Median","75 percentile"
"54","IL_2",0.8,NA,NA,"pg/mL",101,"GA 24 weeks",NA,NA,NA,"healthy",NA,NA,NA,NA,"Bio-Plex Pro Human Cytokine 27-Plex Assay",NA,NA,NA,"serum",NA,NA,NA,NA,NA,NA,NA,NA,NA,"Stokkeland",2019,"Serum cytokine patterns in first half of pregnancy","10.1016/j.cyto.2019.03.013","longitudinal","aggregated","stokkeland2019.csv",NA,"data/aggregated/stokkeland2019.csv",0.8,"Median",28.7,"Mean",NA,NA,NA,NA,NA,NA,NA,NA,NA,NA,28.7,4.2,NA,NA,170,0.2,"25 percentile",2,0.2,2,170,7,22.9,21.5,25.1,170,"Mean",22.9,"Median","75 percentile"
"55","IL_6",1.4,NA,NA,"pg/mL",104,"GA 10 weeks",NA,NA,NA,"healthy",NA,NA,NA,NA,"Bio-Plex Pro Human Cytokine 27-Plex Assay",NA,NA,NA,"serum",NA,NA,NA,NA,NA,NA,NA,NA,NA,"Stokkeland",2019,"Serum cytokine patterns in first half of pregnancy","10.1016/j.cyto.2019.03.013","longitudinal","aggregated","stokkeland2019.csv",NA,"data/aggregated/stokkeland2019.csv",1.4,"Median",28.7,"Mean",NA,NA,NA,NA,NA,NA,NA,NA,NA,NA,28.7,4.2,NA,NA,75,0.8,"25 percentile",2.1,0.8,2.1,75,7,22.9,21.5,25.1,75,"Mean",22.9,"Median","75 percentile"
"56","IL_6",1.3,NA,NA,"pg/mL",96,"GA 12 weeks",NA,NA,NA,"healthy",NA,NA,NA,NA,"Bio-Plex Pro Human Cytokine 27-Plex Assay",NA,NA,NA,"serum",NA,NA,NA,NA,NA,NA,NA,NA,NA,"Stokkeland",2019,"Serum cytokine patterns in first half of pregnancy","10.1016/j.cyto.2019.03.013","longitudinal","aggregated","stokkeland2019.csv",NA,"data/aggregated/stokkeland2019.csv",1.3,"Median",28.7,"Mean",NA,NA,NA,NA,NA,NA,NA,NA,NA,NA,28.7,4.2,NA,NA,91,0.8,"25 percentile",1.8,0.8,1.8,91,6,22.9,21.5,25.1,91,"Mean",22.9,"Median","75 percentile"
"57","IL_6",1.1,NA,NA,"pg/mL",93,"GA 19 weeks",NA,NA,NA,"healthy",NA,NA,NA,NA,"Bio-Plex Pro Human Cytokine 27-Plex Assay",NA,NA,NA,"serum",NA,NA,NA,NA,NA,NA,NA,NA,NA,"Stokkeland",2019,"Serum cytokine patterns in first half of pregnancy","10.1016/j.cyto.2019.03.013","longitudinal","aggregated","stokkeland2019.csv",NA,"data/aggregated/stokkeland2019.csv",1.1,"Median",28.7,"Mean",NA,NA,NA,NA,NA,NA,NA,NA,NA,NA,28.7,4.2,NA,NA,130,0.6,"25 percentile",1.7,0.6,1.7,130,5,22.9,21.5,25.1,130,"Mean",22.9,"Median","75 percentile"
"58","IL_6",1.1,NA,NA,"pg/mL",101,"GA 24 weeks",NA,NA,NA,"healthy",NA,NA,NA,NA,"Bio-Plex Pro Human Cytokine 27-Plex Assay",NA,NA,NA,"serum",NA,NA,NA,NA,NA,NA,NA,NA,NA,"Stokkeland",2019,"Serum cytokine patterns in first half of pregnancy","10.1016/j.cyto.2019.03.013","longitudinal","aggregated","stokkeland2019.csv",NA,"data/aggregated/stokkeland2019.csv",1.1,"Median",28.7,"Mean",NA,NA,NA,NA,NA,NA,NA,NA,NA,NA,28.7,4.2,NA,NA,170,0.7,"25 percentile",1.8,0.7,1.8,170,7,22.9,21.5,25.1,170,"Mean",22.9,"Median","75 percentile"
"59","IL_8",5.5,NA,NA,"pg/mL",104,"GA 10 weeks",NA,NA,NA,"healthy",NA,NA,NA,NA,"Bio-Plex Pro Human Cytokine 27-Plex Assay",NA,NA,NA,"serum",NA,NA,NA,NA,NA,NA,NA,NA,NA,"Stokkeland",2019,"Serum cytokine patterns in first half of pregnancy","10.1016/j.cyto.2019.03.013","longitudinal","aggregated","stokkeland2019.csv",NA,"data/aggregated/stokkeland2019.csv",5.5,"Median",28.7,"Mean",NA,NA,NA,NA,NA,NA,NA,NA,NA,NA,28.7,4.2,NA,NA,75,4.5,"25 percentile",7,4.5,7,75,7,22.9,21.5,25.1,75,"Mean",22.9,"Median","75 percentile"
"60","IL_8",5.4,NA,NA,"pg/mL",96,"GA 12 weeks",NA,NA,NA,"healthy",NA,NA,NA,NA,"Bio-Plex Pro Human Cytokine 27-Plex Assay",NA,NA,NA,"serum",NA,NA,NA,NA,NA,NA,NA,NA,NA,"Stokkeland",2019,"Serum cytokine patterns in first half of pregnancy","10.1016/j.cyto.2019.03.013","longitudinal","aggregated","stokkeland2019.csv",NA,"data/aggregated/stokkeland2019.csv",5.4,"Median",28.7,"Mean",NA,NA,NA,NA,NA,NA,NA,NA,NA,NA,28.7,4.2,NA,NA,91,4.3,"25 percentile",6.6,4.3,6.6,91,6,22.9,21.5,25.1,91,"Mean",22.9,"Median","75 percentile"
"61","IL_8",5.3,NA,NA,"pg/mL",93,"GA 19 weeks",NA,NA,NA,"healthy",NA,NA,NA,NA,"Bio-Plex Pro Human Cytokine 27-Plex Assay",NA,NA,NA,"serum",NA,NA,NA,NA,NA,NA,NA,NA,NA,"Stokkeland",2019,"Serum cytokine patterns in first half of pregnancy","10.1016/j.cyto.2019.03.013","longitudinal","aggregated","stokkeland2019.csv",NA,"data/aggregated/stokkeland2019.csv",5.3,"Median",28.7,"Mean",NA,NA,NA,NA,NA,NA,NA,NA,NA,NA,28.7,4.2,NA,NA,130,4.1,"25 percentile",6.3,4.1,6.3,130,5,22.9,21.5,25.1,130,"Mean",22.9,"Median","75 percentile"
"62","IL_8",5.2,NA,NA,"pg/mL",101,"GA 24 weeks",NA,NA,NA,"healthy",NA,NA,NA,NA,"Bio-Plex Pro Human Cytokine 27-Plex Assay",NA,NA,NA,"serum",NA,NA,NA,NA,NA,NA,NA,NA,NA,"Stokkeland",2019,"Serum cytokine patterns in first half of pregnancy","10.1016/j.cyto.2019.03.013","longitudinal","aggregated","stokkeland2019.csv",NA,"data/aggregated/stokkeland2019.csv",5.2,"Median",28.7,"Mean",NA,NA,NA,NA,NA,NA,NA,NA,NA,NA,28.7,4.2,NA,NA,170,4.1,"25 percentile",6.1,4.1,6.1,170,7,22.9,21.5,25.1,170,"Mean",22.9,"Median","75 percentile"
"63","IL_12p70",3.1,NA,NA,"pg/mL",104,"GA 10 weeks",NA,NA,NA,"healthy",NA,NA,NA,NA,"Bio-Plex Pro Human Cytokine 27-Plex Assay",NA,NA,NA,"serum",NA,NA,NA,NA,NA,NA,NA,NA,NA,"Stokkeland",2019,"Serum cytokine patterns in first half of pregnancy","10.1016/j.cyto.2019.03.013","longitudinal","aggregated","stokkeland2019.csv",NA,"data/aggregated/stokkeland2019.csv",3.1,"Median",28.7,"Mean",NA,NA,NA,NA,NA,NA,NA,NA,NA,NA,28.7,4.2,NA,NA,75,1.8,"25 percentile",5.5,1.8,5.5,75,7,22.9,21.5,25.1,75,"Mean",22.9,"Median","75 percentile"
"64","IL_12p70",3.3,NA,NA,"pg/mL",96,"GA 12 weeks",NA,NA,NA,"healthy",NA,NA,NA,NA,"Bio-Plex Pro Human Cytokine 27-Plex Assay",NA,NA,NA,"serum",NA,NA,NA,NA,NA,NA,NA,NA,NA,"Stokkeland",2019,"Serum cytokine patterns in first half of pregnancy","10.1016/j.cyto.2019.03.013","longitudinal","aggregated","stokkeland2019.csv",NA,"data/aggregated/stokkeland2019.csv",3.3,"Median",28.7,"Mean",NA,NA,NA,NA,NA,NA,NA,NA,NA,NA,28.7,4.2,NA,NA,91,2,"25 percentile",5.5,2,5.5,91,6,22.9,21.5,25.1,91,"Mean",22.9,"Median","75 percentile"
"65","IL_12p70",2.9,NA,NA,"pg/mL",93,"GA 19 weeks",NA,NA,NA,"healthy",NA,NA,NA,NA,"Bio-Plex Pro Human Cytokine 27-Plex Assay",NA,NA,NA,"serum",NA,NA,NA,NA,NA,NA,NA,NA,NA,"Stokkeland",2019,"Serum cytokine patterns in first half of pregnancy","10.1016/j.cyto.2019.03.013","longitudinal","aggregated","stokkeland2019.csv",NA,"data/aggregated/stokkeland2019.csv",2.9,"Median",28.7,"Mean",NA,NA,NA,NA,NA,NA,NA,NA,NA,NA,28.7,4.2,NA,NA,130,1.9,"25 percentile",5.9,1.9,5.9,130,5,22.9,21.5,25.1,130,"Mean",22.9,"Median","75 percentile"
"66","IL_12p70",3.3,NA,NA,"pg/mL",101,"GA 24 weeks",NA,NA,NA,"healthy",NA,NA,NA,NA,"Bio-Plex Pro Human Cytokine 27-Plex Assay",NA,NA,NA,"serum",NA,NA,NA,NA,NA,NA,NA,NA,NA,"Stokkeland",2019,"Serum cytokine patterns in first half of pregnancy","10.1016/j.cyto.2019.03.013","longitudinal","aggregated","stokkeland2019.csv",NA,"data/aggregated/stokkeland2019.csv",3.3,"Median",28.7,"Mean",NA,NA,NA,NA,NA,NA,NA,NA,NA,NA,28.7,4.2,NA,NA,170,1.9,"25 percentile",6.9,1.9,6.9,170,7,22.9,21.5,25.1,170,"Mean",22.9,"Median","75 percentile"
"67","IL_15",5,NA,NA,"pg/mL",104,"GA 10 weeks",NA,NA,NA,"healthy",NA,NA,NA,NA,"Bio-Plex Pro Human Cytokine 27-Plex Assay",NA,NA,NA,"serum",NA,NA,NA,NA,NA,NA,NA,NA,NA,"Stokkeland",2019,"Serum cytokine patterns in first half of pregnancy","10.1016/j.cyto.2019.03.013","longitudinal","aggregated","stokkeland2019.csv",NA,"data/aggregated/stokkeland2019.csv",5,"Median",28.7,"Mean",NA,NA,NA,NA,NA,NA,NA,NA,NA,NA,28.7,4.2,NA,NA,75,2.9,"25 percentile",10.1,2.9,10.1,75,7,22.9,21.5,25.1,75,"Mean",22.9,"Median","75 percentile"
"68","IL_15",5.5,NA,NA,"pg/mL",96,"GA 12 weeks",NA,NA,NA,"healthy",NA,NA,NA,NA,"Bio-Plex Pro Human Cytokine 27-Plex Assay",NA,NA,NA,"serum",NA,NA,NA,NA,NA,NA,NA,NA,NA,"Stokkeland",2019,"Serum cytokine patterns in first half of pregnancy","10.1016/j.cyto.2019.03.013","longitudinal","aggregated","stokkeland2019.csv",NA,"data/aggregated/stokkeland2019.csv",5.5,"Median",28.7,"Mean",NA,NA,NA,NA,NA,NA,NA,NA,NA,NA,28.7,4.2,NA,NA,91,2.7,"25 percentile",10.2,2.7,10.2,91,6,22.9,21.5,25.1,91,"Mean",22.9,"Median","75 percentile"
"69","IL_15",4.6,NA,NA,"pg/mL",93,"GA 19 weeks",NA,NA,NA,"healthy",NA,NA,NA,NA,"Bio-Plex Pro Human Cytokine 27-Plex Assay",NA,NA,NA,"serum",NA,NA,NA,NA,NA,NA,NA,NA,NA,"Stokkeland",2019,"Serum cytokine patterns in first half of pregnancy","10.1016/j.cyto.2019.03.013","longitudinal","aggregated","stokkeland2019.csv",NA,"data/aggregated/stokkeland2019.csv",4.6,"Median",28.7,"Mean",NA,NA,NA,NA,NA,NA,NA,NA,NA,NA,28.7,4.2,NA,NA,130,1.9,"25 percentile",8,1.9,8,130,5,22.9,21.5,25.1,130,"Mean",22.9,"Median","75 percentile"
"70","IL_15",4.4,NA,NA,"pg/mL",101,"GA 24 weeks",NA,NA,NA,"healthy",NA,NA,NA,NA,"Bio-Plex Pro Human Cytokine 27-Plex Assay",NA,NA,NA,"serum",NA,NA,NA,NA,NA,NA,NA,NA,NA,"Stokkeland",2019,"Serum cytokine patterns in first half of pregnancy","10.1016/j.cyto.2019.03.013","longitudinal","aggregated","stokkeland2019.csv",NA,"data/aggregated/stokkeland2019.csv",4.4,"Median",28.7,"Mean",NA,NA,NA,NA,NA,NA,NA,NA,NA,NA,28.7,4.2,NA,NA,170,1.7,"25 percentile",7.6,1.7,7.6,170,7,22.9,21.5,25.1,170,"Mean",22.9,"Median","75 percentile"
"71","IL_17",41.3,NA,NA,"pg/mL",104,"GA 10 weeks",NA,NA,NA,"healthy",NA,NA,NA,NA,"Bio-Plex Pro Human Cytokine 27-Plex Assay",NA,NA,NA,"serum",NA,NA,NA,NA,NA,NA,NA,NA,NA,"Stokkeland",2019,"Serum cytokine patterns in first half of pregnancy","10.1016/j.cyto.2019.03.013","longitudinal","aggregated","stokkeland2019.csv",NA,"data/aggregated/stokkeland2019.csv",41.3,"Median",28.7,"Mean",NA,NA,NA,NA,NA,NA,NA,NA,NA,NA,28.7,4.2,NA,NA,75,32.2,"25 percentile",49.5,32.2,49.5,75,7,22.9,21.5,25.1,75,"Mean",22.9,"Median","75 percentile"
"72","IL_17",41.3,NA,NA,"pg/mL",96,"GA 12 weeks",NA,NA,NA,"healthy",NA,NA,NA,NA,"Bio-Plex Pro Human Cytokine 27-Plex Assay",NA,NA,NA,"serum",NA,NA,NA,NA,NA,NA,NA,NA,NA,"Stokkeland",2019,"Serum cytokine patterns in first half of pregnancy","10.1016/j.cyto.2019.03.013","longitudinal","aggregated","stokkeland2019.csv",NA,"data/aggregated/stokkeland2019.csv",41.3,"Median",28.7,"Mean",NA,NA,NA,NA,NA,NA,NA,NA,NA,NA,28.7,4.2,NA,NA,91,34,"25 percentile",49.4,34,49.4,91,6,22.9,21.5,25.1,91,"Mean",22.9,"Median","75 percentile"
"73","IL_17",37.4,NA,NA,"pg/mL",93,"GA 19 weeks",NA,NA,NA,"healthy",NA,NA,NA,NA,"Bio-Plex Pro Human Cytokine 27-Plex Assay",NA,NA,NA,"serum",NA,NA,NA,NA,NA,NA,NA,NA,NA,"Stokkeland",2019,"Serum cytokine patterns in first half of pregnancy","10.1016/j.cyto.2019.03.013","longitudinal","aggregated","stokkeland2019.csv",NA,"data/aggregated/stokkeland2019.csv",37.4,"Median",28.7,"Mean",NA,NA,NA,NA,NA,NA,NA,NA,NA,NA,28.7,4.2,NA,NA,130,30.5,"25 percentile",45,30.5,45,130,5,22.9,21.5,25.1,130,"Mean",22.9,"Median","75 percentile"
"74","IL_17",38.9,NA,NA,"pg/mL",101,"GA 24 weeks",NA,NA,NA,"healthy",NA,NA,NA,NA,"Bio-Plex Pro Human Cytokine 27-Plex Assay",NA,NA,NA,"serum",NA,NA,NA,NA,NA,NA,NA,NA,NA,"Stokkeland",2019,"Serum cytokine patterns in first half of pregnancy","10.1016/j.cyto.2019.03.013","longitudinal","aggregated","stokkeland2019.csv",NA,"data/aggregated/stokkeland2019.csv",38.9,"Median",28.7,"Mean",NA,NA,NA,NA,NA,NA,NA,NA,NA,NA,28.7,4.2,NA,NA,170,39.7,"25 percentile",29.7,39.7,29.7,170,7,22.9,21.5,25.1,170,"Mean",22.9,"Median","75 percentile"
"75","IFN_g",54.6,NA,NA,"pg/mL",104,"GA 10 weeks",NA,NA,NA,"healthy",NA,NA,NA,NA,"Bio-Plex Pro Human Cytokine 27-Plex Assay",NA,NA,NA,"serum",NA,NA,NA,NA,NA,NA,NA,NA,NA,"Stokkeland",2019,"Serum cytokine patterns in first half of pregnancy","10.1016/j.cyto.2019.03.013","longitudinal","aggregated","stokkeland2019.csv",NA,"data/aggregated/stokkeland2019.csv",54.6,"Median",28.7,"Mean",NA,NA,NA,NA,NA,NA,NA,NA,NA,NA,28.7,4.2,NA,NA,75,43.3,"25 percentile",66.4,43.3,66.4,75,7,22.9,21.5,25.1,75,"Mean",22.9,"Median","75 percentile"
"76","IFN_g",53.4,NA,NA,"pg/mL",96,"GA 12 weeks",NA,NA,NA,"healthy",NA,NA,NA,NA,"Bio-Plex Pro Human Cytokine 27-Plex Assay",NA,NA,NA,"serum",NA,NA,NA,NA,NA,NA,NA,NA,NA,"Stokkeland",2019,"Serum cytokine patterns in first half of pregnancy","10.1016/j.cyto.2019.03.013","longitudinal","aggregated","stokkeland2019.csv",NA,"data/aggregated/stokkeland2019.csv",53.4,"Median",28.7,"Mean",NA,NA,NA,NA,NA,NA,NA,NA,NA,NA,28.7,4.2,NA,NA,91,45.3,"25 percentile",66.4,45.3,66.4,91,6,22.9,21.5,25.1,91,"Mean",22.9,"Median","75 percentile"
"77","IFN_g",52.2,NA,NA,"pg/mL",93,"GA 19 weeks",NA,NA,NA,"healthy",NA,NA,NA,NA,"Bio-Plex Pro Human Cytokine 27-Plex Assay",NA,NA,NA,"serum",NA,NA,NA,NA,NA,NA,NA,NA,NA,"Stokkeland",2019,"Serum cytokine patterns in first half of pregnancy","10.1016/j.cyto.2019.03.013","longitudinal","aggregated","stokkeland2019.csv",NA,"data/aggregated/stokkeland2019.csv",52.2,"Median",28.7,"Mean",NA,NA,NA,NA,NA,NA,NA,NA,NA,NA,28.7,4.2,NA,NA,130,45.5,"25 percentile",61,45.5,61,130,5,22.9,21.5,25.1,130,"Mean",22.9,"Median","75 percentile"
"78","IFN_g",52.6,NA,NA,"pg/mL",101,"GA 24 weeks",NA,NA,NA,"healthy",NA,NA,NA,NA,"Bio-Plex Pro Human Cytokine 27-Plex Assay",NA,NA,NA,"serum",NA,NA,NA,NA,NA,NA,NA,NA,NA,"Stokkeland",2019,"Serum cytokine patterns in first half of pregnancy","10.1016/j.cyto.2019.03.013","longitudinal","aggregated","stokkeland2019.csv",NA,"data/aggregated/stokkeland2019.csv",52.6,"Median",28.7,"Mean",NA,NA,NA,NA,NA,NA,NA,NA,NA,NA,28.7,4.2,NA,NA,170,41.3,"25 percentile",60.7,41.3,60.7,170,7,22.9,21.5,25.1,170,"Mean",22.9,"Median","75 percentile"
"79","TNF_a",24.1,NA,NA,"pg/mL",104,"GA 10 weeks",NA,NA,NA,"healthy",NA,NA,NA,NA,"Bio-Plex Pro Human Cytokine 27-Plex Assay",NA,NA,NA,"serum",NA,NA,NA,NA,NA,NA,NA,NA,NA,"Stokkeland",2019,"Serum cytokine patterns in first half of pregnancy","10.1016/j.cyto.2019.03.013","longitudinal","aggregated","stokkeland2019.csv",NA,"data/aggregated/stokkeland2019.csv",24.1,"Median",28.7,"Mean",NA,NA,NA,NA,NA,NA,NA,NA,NA,NA,28.7,4.2,NA,NA,75,20.4,"25 percentile",29.9,20.4,29.9,75,7,22.9,21.5,25.1,75,"Mean",22.9,"Median","75 percentile"
"80","TNF_a",23.5,NA,NA,"pg/mL",96,"GA 12 weeks",NA,NA,NA,"healthy",NA,NA,NA,NA,"Bio-Plex Pro Human Cytokine 27-Plex Assay",NA,NA,NA,"serum",NA,NA,NA,NA,NA,NA,NA,NA,NA,"Stokkeland",2019,"Serum cytokine patterns in first half of pregnancy","10.1016/j.cyto.2019.03.013","longitudinal","aggregated","stokkeland2019.csv",NA,"data/aggregated/stokkeland2019.csv",23.5,"Median",28.7,"Mean",NA,NA,NA,NA,NA,NA,NA,NA,NA,NA,28.7,4.2,NA,NA,91,20.4,"25 percentile",28.7,20.4,28.7,91,6,22.9,21.5,25.1,91,"Mean",22.9,"Median","75 percentile"
"81","TNF_a",24.2,NA,NA,"pg/mL",93,"GA 19 weeks",NA,NA,NA,"healthy",NA,NA,NA,NA,"Bio-Plex Pro Human Cytokine 27-Plex Assay",NA,NA,NA,"serum",NA,NA,NA,NA,NA,NA,NA,NA,NA,"Stokkeland",2019,"Serum cytokine patterns in first half of pregnancy","10.1016/j.cyto.2019.03.013","longitudinal","aggregated","stokkeland2019.csv",NA,"data/aggregated/stokkeland2019.csv",24.2,"Median",28.7,"Mean",NA,NA,NA,NA,NA,NA,NA,NA,NA,NA,28.7,4.2,NA,NA,130,20.3,"25 percentile",29.2,20.3,29.2,130,5,22.9,21.5,25.1,130,"Mean",22.9,"Median","75 percentile"
"82","TNF_a",22.8,NA,NA,"pg/mL",101,"GA 24 weeks",NA,NA,NA,"healthy",NA,NA,NA,NA,"Bio-Plex Pro Human Cytokine 27-Plex Assay",NA,NA,NA,"serum",NA,NA,NA,NA,NA,NA,NA,NA,NA,"Stokkeland",2019,"Serum cytokine patterns in first half of pregnancy","10.1016/j.cyto.2019.03.013","longitudinal","aggregated","stokkeland2019.csv",NA,"data/aggregated/stokkeland2019.csv",22.8,"Median",28.7,"Mean",NA,NA,NA,NA,NA,NA,NA,NA,NA,NA,28.7,4.2,NA,NA,170,20.6,"25 percentile",29.3,20.6,29.3,170,7,22.9,21.5,25.1,170,"Mean",22.9,"Median","75 percentile"
"83","IL_1ra",68.1,NA,NA,"pg/mL",104,"GA 10 weeks",NA,NA,NA,"healthy",NA,NA,NA,NA,"Bio-Plex Pro Human Cytokine 27-Plex Assay",NA,NA,NA,"serum",NA,NA,NA,NA,NA,NA,NA,NA,NA,"Stokkeland",2019,"Serum cytokine patterns in first half of pregnancy","10.1016/j.cyto.2019.03.013","longitudinal","aggregated","stokkeland2019.csv",NA,"data/aggregated/stokkeland2019.csv",68.1,"Median",28.7,"Mean",NA,NA,NA,NA,NA,NA,NA,NA,NA,NA,28.7,4.2,NA,NA,75,55.2,"25 percentile",103.1,55.2,103.1,75,7,22.9,21.5,25.1,75,"Mean",22.9,"Median","75 percentile"
"84","IL_1ra",69.9,NA,NA,"pg/mL",96,"GA 12 weeks",NA,NA,NA,"healthy",NA,NA,NA,NA,"Bio-Plex Pro Human Cytokine 27-Plex Assay",NA,NA,NA,"serum",NA,NA,NA,NA,NA,NA,NA,NA,NA,"Stokkeland",2019,"Serum cytokine patterns in first half of pregnancy","10.1016/j.cyto.2019.03.013","longitudinal","aggregated","stokkeland2019.csv",NA,"data/aggregated/stokkeland2019.csv",69.9,"Median",28.7,"Mean",NA,NA,NA,NA,NA,NA,NA,NA,NA,NA,28.7,4.2,NA,NA,91,55.6,"25 percentile",97.9,55.6,97.9,91,6,22.9,21.5,25.1,91,"Mean",22.9,"Median","75 percentile"
"85","IL_1ra",72.3,NA,NA,"pg/mL",93,"GA 19 weeks",NA,NA,NA,"healthy",NA,NA,NA,NA,"Bio-Plex Pro Human Cytokine 27-Plex Assay",NA,NA,NA,"serum",NA,NA,NA,NA,NA,NA,NA,NA,NA,"Stokkeland",2019,"Serum cytokine patterns in first half of pregnancy","10.1016/j.cyto.2019.03.013","longitudinal","aggregated","stokkeland2019.csv",NA,"data/aggregated/stokkeland2019.csv",72.3,"Median",28.7,"Mean",NA,NA,NA,NA,NA,NA,NA,NA,NA,NA,28.7,4.2,NA,NA,130,56.7,"25 percentile",90.5,56.7,90.5,130,5,22.9,21.5,25.1,130,"Mean",22.9,"Median","75 percentile"
"86","IL_1ra",66.5,NA,NA,"pg/mL",101,"GA 24 weeks",NA,NA,NA,"healthy",NA,NA,NA,NA,"Bio-Plex Pro Human Cytokine 27-Plex Assay",NA,NA,NA,"serum",NA,NA,NA,NA,NA,NA,NA,NA,NA,"Stokkeland",2019,"Serum cytokine patterns in first half of pregnancy","10.1016/j.cyto.2019.03.013","longitudinal","aggregated","stokkeland2019.csv",NA,"data/aggregated/stokkeland2019.csv",66.5,"Median",28.7,"Mean",NA,NA,NA,NA,NA,NA,NA,NA,NA,NA,28.7,4.2,NA,NA,170,54.3,"25 percentile",86,54.3,86,170,7,22.9,21.5,25.1,170,"Mean",22.9,"Median","75 percentile"
"87","IL_4",3,NA,NA,"pg/mL",104,"GA 10 weeks",NA,NA,NA,"healthy",NA,NA,NA,NA,"Bio-Plex Pro Human Cytokine 27-Plex Assay",NA,NA,NA,"serum",NA,NA,NA,NA,NA,NA,NA,NA,NA,"Stokkeland",2019,"Serum cytokine patterns in first half of pregnancy","10.1016/j.cyto.2019.03.013","longitudinal","aggregated","stokkeland2019.csv",NA,"data/aggregated/stokkeland2019.csv",3,"Median",28.7,"Mean",NA,NA,NA,NA,NA,NA,NA,NA,NA,NA,28.7,4.2,NA,NA,75,2.6,"25 percentile",3.5,2.6,3.5,75,7,22.9,21.5,25.1,75,"Mean",22.9,"Median","75 percentile"
"88","IL_4",3,NA,NA,"pg/mL",96,"GA 12 weeks",NA,NA,NA,"healthy",NA,NA,NA,NA,"Bio-Plex Pro Human Cytokine 27-Plex Assay",NA,NA,NA,"serum",NA,NA,NA,NA,NA,NA,NA,NA,NA,"Stokkeland",2019,"Serum cytokine patterns in first half of pregnancy","10.1016/j.cyto.2019.03.013","longitudinal","aggregated","stokkeland2019.csv",NA,"data/aggregated/stokkeland2019.csv",3,"Median",28.7,"Mean",NA,NA,NA,NA,NA,NA,NA,NA,NA,NA,28.7,4.2,NA,NA,91,2.6,"25 percentile",3.5,2.6,3.5,91,6,22.9,21.5,25.1,91,"Mean",22.9,"Median","75 percentile"
"89","IL_4",3,NA,NA,"pg/mL",93,"GA 19 weeks",NA,NA,NA,"healthy",NA,NA,NA,NA,"Bio-Plex Pro Human Cytokine 27-Plex Assay",NA,NA,NA,"serum",NA,NA,NA,NA,NA,NA,NA,NA,NA,"Stokkeland",2019,"Serum cytokine patterns in first half of pregnancy","10.1016/j.cyto.2019.03.013","longitudinal","aggregated","stokkeland2019.csv",NA,"data/aggregated/stokkeland2019.csv",3,"Median",28.7,"Mean",NA,NA,NA,NA,NA,NA,NA,NA,NA,NA,28.7,4.2,NA,NA,130,2.5,"25 percentile",3.6,2.5,3.6,130,5,22.9,21.5,25.1,130,"Mean",22.9,"Median","75 percentile"
"90","IL_4",3,NA,NA,"pg/mL",101,"GA 24 weeks",NA,NA,NA,"healthy",NA,NA,NA,NA,"Bio-Plex Pro Human Cytokine 27-Plex Assay",NA,NA,NA,"serum",NA,NA,NA,NA,NA,NA,NA,NA,NA,"Stokkeland",2019,"Serum cytokine patterns in first half of pregnancy","10.1016/j.cyto.2019.03.013","longitudinal","aggregated","stokkeland2019.csv",NA,"data/aggregated/stokkeland2019.csv",3,"Median",28.7,"Mean",NA,NA,NA,NA,NA,NA,NA,NA,NA,NA,28.7,4.2,NA,NA,170,2.6,"25 percentile",3.3,2.6,3.3,170,7,22.9,21.5,25.1,170,"Mean",22.9,"Median","75 percentile"
"91","IL_5",0.6,NA,NA,"pg/mL",104,"GA 10 weeks",NA,NA,NA,"healthy",NA,NA,NA,NA,"Bio-Plex Pro Human Cytokine 27-Plex Assay",NA,NA,NA,"serum",NA,NA,NA,NA,NA,NA,NA,NA,NA,"Stokkeland",2019,"Serum cytokine patterns in first half of pregnancy","10.1016/j.cyto.2019.03.013","longitudinal","aggregated","stokkeland2019.csv",NA,"data/aggregated/stokkeland2019.csv",0.6,"Median",28.7,"Mean",NA,NA,NA,NA,NA,NA,NA,NA,NA,NA,28.7,4.2,NA,NA,75,0.3,"25 percentile",2.6,0.3,2.6,75,7,22.9,21.5,25.1,75,"Mean",22.9,"Median","75 percentile"
"92","IL_5",0.6,NA,NA,"pg/mL",96,"GA 12 weeks",NA,NA,NA,"healthy",NA,NA,NA,NA,"Bio-Plex Pro Human Cytokine 27-Plex Assay",NA,NA,NA,"serum",NA,NA,NA,NA,NA,NA,NA,NA,NA,"Stokkeland",2019,"Serum cytokine patterns in first half of pregnancy","10.1016/j.cyto.2019.03.013","longitudinal","aggregated","stokkeland2019.csv",NA,"data/aggregated/stokkeland2019.csv",0.6,"Median",28.7,"Mean",NA,NA,NA,NA,NA,NA,NA,NA,NA,NA,28.7,4.2,NA,NA,91,0.3,"25 percentile",2.6,0.3,2.6,91,6,22.9,21.5,25.1,91,"Mean",22.9,"Median","75 percentile"
"93","IL_5",1,NA,NA,"pg/mL",93,"GA 19 weeks",NA,NA,NA,"healthy",NA,NA,NA,NA,"Bio-Plex Pro Human Cytokine 27-Plex Assay",NA,NA,NA,"serum",NA,NA,NA,NA,NA,NA,NA,NA,NA,"Stokkeland",2019,"Serum cytokine patterns in first half of pregnancy","10.1016/j.cyto.2019.03.013","longitudinal","aggregated","stokkeland2019.csv",NA,"data/aggregated/stokkeland2019.csv",1,"Median",28.7,"Mean",NA,NA,NA,NA,NA,NA,NA,NA,NA,NA,28.7,4.2,NA,NA,130,0.3,"25 percentile",2.6,0.3,2.6,130,5,22.9,21.5,25.1,130,"Mean",22.9,"Median","75 percentile"
"94","IL_5",0.5,NA,NA,"pg/mL",101,"GA 24 weeks",NA,NA,NA,"healthy",NA,NA,NA,NA,"Bio-Plex Pro Human Cytokine 27-Plex Assay",NA,NA,NA,"serum",NA,NA,NA,NA,NA,NA,NA,NA,NA,"Stokkeland",2019,"Serum cytokine patterns in first half of pregnancy","10.1016/j.cyto.2019.03.013","longitudinal","aggregated","stokkeland2019.csv",NA,"data/aggregated/stokkeland2019.csv",0.5,"Median",28.7,"Mean",NA,NA,NA,NA,NA,NA,NA,NA,NA,NA,28.7,4.2,NA,NA,170,0.3,"25 percentile",2.5,0.3,2.5,170,7,22.9,21.5,25.1,170,"Mean",22.9,"Median","75 percentile"
"95","IL_9",54.6,NA,NA,"pg/mL",104,"GA 10 weeks",NA,NA,NA,"healthy",NA,NA,NA,NA,"Bio-Plex Pro Human Cytokine 27-Plex Assay",NA,NA,NA,"serum",NA,NA,NA,NA,NA,NA,NA,NA,NA,"Stokkeland",2019,"Serum cytokine patterns in first half of pregnancy","10.1016/j.cyto.2019.03.013","longitudinal","aggregated","stokkeland2019.csv",NA,"data/aggregated/stokkeland2019.csv",54.6,"Median",28.7,"Mean",NA,NA,NA,NA,NA,NA,NA,NA,NA,NA,28.7,4.2,NA,NA,75,41.1,"25 percentile",67.4,41.1,67.4,75,7,22.9,21.5,25.1,75,"Mean",22.9,"Median","75 percentile"
"96","IL_9",54.4,NA,NA,"pg/mL",96,"GA 12 weeks",NA,NA,NA,"healthy",NA,NA,NA,NA,"Bio-Plex Pro Human Cytokine 27-Plex Assay",NA,NA,NA,"serum",NA,NA,NA,NA,NA,NA,NA,NA,NA,"Stokkeland",2019,"Serum cytokine patterns in first half of pregnancy","10.1016/j.cyto.2019.03.013","longitudinal","aggregated","stokkeland2019.csv",NA,"data/aggregated/stokkeland2019.csv",54.4,"Median",28.7,"Mean",NA,NA,NA,NA,NA,NA,NA,NA,NA,NA,28.7,4.2,NA,NA,91,42.1,"25 percentile",62.9,42.1,62.9,91,6,22.9,21.5,25.1,91,"Mean",22.9,"Median","75 percentile"
"97","IL_9",49.4,NA,NA,"pg/mL",93,"GA 19 weeks",NA,NA,NA,"healthy",NA,NA,NA,NA,"Bio-Plex Pro Human Cytokine 27-Plex Assay",NA,NA,NA,"serum",NA,NA,NA,NA,NA,NA,NA,NA,NA,"Stokkeland",2019,"Serum cytokine patterns in first half of pregnancy","10.1016/j.cyto.2019.03.013","longitudinal","aggregated","stokkeland2019.csv",NA,"data/aggregated/stokkeland2019.csv",49.4,"Median",28.7,"Mean",NA,NA,NA,NA,NA,NA,NA,NA,NA,NA,28.7,4.2,NA,NA,130,40.9,"25 percentile",61.4,40.9,61.4,130,5,22.9,21.5,25.1,130,"Mean",22.9,"Median","75 percentile"
"98","IL_9",50.2,NA,NA,"pg/mL",101,"GA 24 weeks",NA,NA,NA,"healthy",NA,NA,NA,NA,"Bio-Plex Pro Human Cytokine 27-Plex Assay",NA,NA,NA,"serum",NA,NA,NA,NA,NA,NA,NA,NA,NA,"Stokkeland",2019,"Serum cytokine patterns in first half of pregnancy","10.1016/j.cyto.2019.03.013","longitudinal","aggregated","stokkeland2019.csv",NA,"data/aggregated/stokkeland2019.csv",50.2,"Median",28.7,"Mean",NA,NA,NA,NA,NA,NA,NA,NA,NA,NA,28.7,4.2,NA,NA,170,39.6,"25 percentile",61.5,39.6,61.5,170,7,22.9,21.5,25.1,170,"Mean",22.9,"Median","75 percentile"
"99","IL_10",1.7,NA,NA,"pg/mL",104,"GA 10 weeks",NA,NA,NA,"healthy",NA,NA,NA,NA,"Bio-Plex Pro Human Cytokine 27-Plex Assay",NA,NA,NA,"serum",NA,NA,NA,NA,NA,NA,NA,NA,NA,"Stokkeland",2019,"Serum cytokine patterns in first half of pregnancy","10.1016/j.cyto.2019.03.013","longitudinal","aggregated","stokkeland2019.csv",NA,"data/aggregated/stokkeland2019.csv",1.7,"Median",28.7,"Mean",NA,NA,NA,NA,NA,NA,NA,NA,NA,NA,28.7,4.2,NA,NA,75,0.8,"25 percentile",4.3,0.8,4.3,75,7,22.9,21.5,25.1,75,"Mean",22.9,"Median","75 percentile"
"100","IL_10",2,NA,NA,"pg/mL",96,"GA 12 weeks",NA,NA,NA,"healthy",NA,NA,NA,NA,"Bio-Plex Pro Human Cytokine 27-Plex Assay",NA,NA,NA,"serum",NA,NA,NA,NA,NA,NA,NA,NA,NA,"Stokkeland",2019,"Serum cytokine patterns in first half of pregnancy","10.1016/j.cyto.2019.03.013","longitudinal","aggregated","stokkeland2019.csv",NA,"data/aggregated/stokkeland2019.csv",2,"Median",28.7,"Mean",NA,NA,NA,NA,NA,NA,NA,NA,NA,NA,28.7,4.2,NA,NA,91,1.2,"25 percentile",3.7,1.2,3.7,91,6,22.9,21.5,25.1,91,"Mean",22.9,"Median","75 percentile"
"101","IL_10",1.5,NA,NA,"pg/mL",93,"GA 19 weeks",NA,NA,NA,"healthy",NA,NA,NA,NA,"Bio-Plex Pro Human Cytokine 27-Plex Assay",NA,NA,NA,"serum",NA,NA,NA,NA,NA,NA,NA,NA,NA,"Stokkeland",2019,"Serum cytokine patterns in first half of pregnancy","10.1016/j.cyto.2019.03.013","longitudinal","aggregated","stokkeland2019.csv",NA,"data/aggregated/stokkeland2019.csv",1.5,"Median",28.7,"Mean",NA,NA,NA,NA,NA,NA,NA,NA,NA,NA,28.7,4.2,NA,NA,130,0.9,"25 percentile",3.4,0.9,3.4,130,5,22.9,21.5,25.1,130,"Mean",22.9,"Median","75 percentile"
"102","IL_10",1.6,NA,NA,"pg/mL",101,"GA 24 weeks",NA,NA,NA,"healthy",NA,NA,NA,NA,"Bio-Plex Pro Human Cytokine 27-Plex Assay",NA,NA,NA,"serum",NA,NA,NA,NA,NA,NA,NA,NA,NA,"Stokkeland",2019,"Serum cytokine patterns in first half of pregnancy","10.1016/j.cyto.2019.03.013","longitudinal","aggregated","stokkeland2019.csv",NA,"data/aggregated/stokkeland2019.csv",1.6,"Median",28.7,"Mean",NA,NA,NA,NA,NA,NA,NA,NA,NA,NA,28.7,4.2,NA,NA,170,0.8,"25 percentile",3.3,0.8,3.3,170,7,22.9,21.5,25.1,170,"Mean",22.9,"Median","75 percentile"
"103","IL_13",2,NA,NA,"pg/mL",104,"GA 10 weeks",NA,NA,NA,"healthy",NA,NA,NA,NA,"Bio-Plex Pro Human Cytokine 27-Plex Assay",NA,NA,NA,"serum",NA,NA,NA,NA,NA,NA,NA,NA,NA,"Stokkeland",2019,"Serum cytokine patterns in first half of pregnancy","10.1016/j.cyto.2019.03.013","longitudinal","aggregated","stokkeland2019.csv",NA,"data/aggregated/stokkeland2019.csv",2,"Median",28.7,"Mean",NA,NA,NA,NA,NA,NA,NA,NA,NA,NA,28.7,4.2,NA,NA,75,0.6,"25 percentile",3.9,0.6,3.9,75,7,22.9,21.5,25.1,75,"Mean",22.9,"Median","75 percentile"
"104","IL_13",1.8,NA,NA,"pg/mL",96,"GA 12 weeks",NA,NA,NA,"healthy",NA,NA,NA,NA,"Bio-Plex Pro Human Cytokine 27-Plex Assay",NA,NA,NA,"serum",NA,NA,NA,NA,NA,NA,NA,NA,NA,"Stokkeland",2019,"Serum cytokine patterns in first half of pregnancy","10.1016/j.cyto.2019.03.013","longitudinal","aggregated","stokkeland2019.csv",NA,"data/aggregated/stokkeland2019.csv",1.8,"Median",28.7,"Mean",NA,NA,NA,NA,NA,NA,NA,NA,NA,NA,28.7,4.2,NA,NA,91,0.5,"25 percentile",3.5,0.5,3.5,91,6,22.9,21.5,25.1,91,"Mean",22.9,"Median","75 percentile"
"105","IL_13",1.7,NA,NA,"pg/mL",93,"GA 19 weeks",NA,NA,NA,"healthy",NA,NA,NA,NA,"Bio-Plex Pro Human Cytokine 27-Plex Assay",NA,NA,NA,"serum",NA,NA,NA,NA,NA,NA,NA,NA,NA,"Stokkeland",2019,"Serum cytokine patterns in first half of pregnancy","10.1016/j.cyto.2019.03.013","longitudinal","aggregated","stokkeland2019.csv",NA,"data/aggregated/stokkeland2019.csv",1.7,"Median",28.7,"Mean",NA,NA,NA,NA,NA,NA,NA,NA,NA,NA,28.7,4.2,NA,NA,130,0.7,"25 percentile",3.1,0.7,3.1,130,5,22.9,21.5,25.1,130,"Mean",22.9,"Median","75 percentile"
"106","IL_13",2.2,NA,NA,"pg/mL",101,"GA 24 weeks",NA,NA,NA,"healthy",NA,NA,NA,NA,"Bio-Plex Pro Human Cytokine 27-Plex Assay",NA,NA,NA,"serum",NA,NA,NA,NA,NA,NA,NA,NA,NA,"Stokkeland",2019,"Serum cytokine patterns in first half of pregnancy","10.1016/j.cyto.2019.03.013","longitudinal","aggregated","stokkeland2019.csv",NA,"data/aggregated/stokkeland2019.csv",2.2,"Median",28.7,"Mean",NA,NA,NA,NA,NA,NA,NA,NA,NA,NA,28.7,4.2,NA,NA,170,1,"25 percentile",4.5,1,4.5,170,7,22.9,21.5,25.1,170,"Mean",22.9,"Median","75 percentile"
"107","VEGF_A",6.7,NA,NA,"pg/mL",104,"GA 10 weeks",NA,NA,NA,"healthy",NA,NA,NA,NA,"Bio-Plex Pro Human Cytokine 27-Plex Assay",NA,NA,NA,"serum",NA,NA,NA,NA,NA,NA,NA,NA,NA,"Stokkeland",2019,"Serum cytokine patterns in first half of pregnancy","10.1016/j.cyto.2019.03.013","longitudinal","aggregated","stokkeland2019.csv",NA,"data/aggregated/stokkeland2019.csv",6.7,"Median",28.7,"Mean",NA,NA,NA,NA,NA,NA,NA,NA,NA,NA,28.7,4.2,NA,NA,75,4.5,"25 percentile",9.7,4.5,9.7,75,7,22.9,21.5,25.1,75,"Mean",22.9,"Median","75 percentile"
"108","VEGF_A",6.9,NA,NA,"pg/mL",96,"GA 12 weeks",NA,NA,NA,"healthy",NA,NA,NA,NA,"Bio-Plex Pro Human Cytokine 27-Plex Assay",NA,NA,NA,"serum",NA,NA,NA,NA,NA,NA,NA,NA,NA,"Stokkeland",2019,"Serum cytokine patterns in first half of pregnancy","10.1016/j.cyto.2019.03.013","longitudinal","aggregated","stokkeland2019.csv",NA,"data/aggregated/stokkeland2019.csv",6.9,"Median",28.7,"Mean",NA,NA,NA,NA,NA,NA,NA,NA,NA,NA,28.7,4.2,NA,NA,91,4.7,"25 percentile",10.5,4.7,10.5,91,6,22.9,21.5,25.1,91,"Mean",22.9,"Median","75 percentile"
"109","VEGF_A",7.2,NA,NA,"pg/mL",93,"GA 19 weeks",NA,NA,NA,"healthy",NA,NA,NA,NA,"Bio-Plex Pro Human Cytokine 27-Plex Assay",NA,NA,NA,"serum",NA,NA,NA,NA,NA,NA,NA,NA,NA,"Stokkeland",2019,"Serum cytokine patterns in first half of pregnancy","10.1016/j.cyto.2019.03.013","longitudinal","aggregated","stokkeland2019.csv",NA,"data/aggregated/stokkeland2019.csv",7.2,"Median",28.7,"Mean",NA,NA,NA,NA,NA,NA,NA,NA,NA,NA,28.7,4.2,NA,NA,130,4.9,"25 percentile",10.6,4.9,10.6,130,5,22.9,21.5,25.1,130,"Mean",22.9,"Median","75 percentile"
"110","VEGF_A",7.9,NA,NA,"pg/mL",101,"GA 24 weeks",NA,NA,NA,"healthy",NA,NA,NA,NA,"Bio-Plex Pro Human Cytokine 27-Plex Assay",NA,NA,NA,"serum",NA,NA,NA,NA,NA,NA,NA,NA,NA,"Stokkeland",2019,"Serum cytokine patterns in first half of pregnancy","10.1016/j.cyto.2019.03.013","longitudinal","aggregated","stokkeland2019.csv",NA,"data/aggregated/stokkeland2019.csv",7.9,"Median",28.7,"Mean",NA,NA,NA,NA,NA,NA,NA,NA,NA,NA,28.7,4.2,NA,NA,170,5.5,"25 percentile",10.4,5.5,10.4,170,7,22.9,21.5,25.1,170,"Mean",22.9,"Median","75 percentile"
"111","bFGF",55,NA,NA,"pg/mL",104,"GA 10 weeks",NA,NA,NA,"healthy",NA,NA,NA,NA,"Bio-Plex Pro Human Cytokine 27-Plex Assay",NA,NA,NA,"serum",NA,NA,NA,NA,NA,NA,NA,NA,NA,"Stokkeland",2019,"Serum cytokine patterns in first half of pregnancy","10.1016/j.cyto.2019.03.013","longitudinal","aggregated","stokkeland2019.csv",NA,"data/aggregated/stokkeland2019.csv",55,"Median",28.7,"Mean",NA,NA,NA,NA,NA,NA,NA,NA,NA,NA,28.7,4.2,NA,NA,75,47.9,"25 percentile",62.1,47.9,62.1,75,7,22.9,21.5,25.1,75,"Mean",22.9,"Median","75 percentile"
"112","bFGF",55.5,NA,NA,"pg/mL",96,"GA 12 weeks",NA,NA,NA,"healthy",NA,NA,NA,NA,"Bio-Plex Pro Human Cytokine 27-Plex Assay",NA,NA,NA,"serum",NA,NA,NA,NA,NA,NA,NA,NA,NA,"Stokkeland",2019,"Serum cytokine patterns in first half of pregnancy","10.1016/j.cyto.2019.03.013","longitudinal","aggregated","stokkeland2019.csv",NA,"data/aggregated/stokkeland2019.csv",55.5,"Median",28.7,"Mean",NA,NA,NA,NA,NA,NA,NA,NA,NA,NA,28.7,4.2,NA,NA,91,49.6,"25 percentile",66.4,49.6,66.4,91,6,22.9,21.5,25.1,91,"Mean",22.9,"Median","75 percentile"
"113","bFGF",55.5,NA,NA,"pg/mL",93,"GA 19 weeks",NA,NA,NA,"healthy",NA,NA,NA,NA,"Bio-Plex Pro Human Cytokine 27-Plex Assay",NA,NA,NA,"serum",NA,NA,NA,NA,NA,NA,NA,NA,NA,"Stokkeland",2019,"Serum cytokine patterns in first half of pregnancy","10.1016/j.cyto.2019.03.013","longitudinal","aggregated","stokkeland2019.csv",NA,"data/aggregated/stokkeland2019.csv",55.5,"Median",28.7,"Mean",NA,NA,NA,NA,NA,NA,NA,NA,NA,NA,28.7,4.2,NA,NA,130,49.4,"25 percentile",62.2,49.4,62.2,130,5,22.9,21.5,25.1,130,"Mean",22.9,"Median","75 percentile"
"114","bFGF",54,NA,NA,"pg/mL",101,"GA 24 weeks",NA,NA,NA,"healthy",NA,NA,NA,NA,"Bio-Plex Pro Human Cytokine 27-Plex Assay",NA,NA,NA,"serum",NA,NA,NA,NA,NA,NA,NA,NA,NA,"Stokkeland",2019,"Serum cytokine patterns in first half of pregnancy","10.1016/j.cyto.2019.03.013","longitudinal","aggregated","stokkeland2019.csv",NA,"data/aggregated/stokkeland2019.csv",54,"Median",28.7,"Mean",NA,NA,NA,NA,NA,NA,NA,NA,NA,NA,28.7,4.2,NA,NA,170,48.1,"25 percentile",64.1,48.1,64.1,170,7,22.9,21.5,25.1,170,"Mean",22.9,"Median","75 percentile"
"115","PDGF_BB",1622,NA,NA,"pg/mL",104,"GA 10 weeks",NA,NA,NA,"healthy",NA,NA,NA,NA,"Bio-Plex Pro Human Cytokine 27-Plex Assay",NA,NA,NA,"serum",NA,NA,NA,NA,NA,NA,NA,NA,NA,"Stokkeland",2019,"Serum cytokine patterns in first half of pregnancy","10.1016/j.cyto.2019.03.013","longitudinal","aggregated","stokkeland2019.csv",NA,"data/aggregated/stokkeland2019.csv",1622,"Median",28.7,"Mean",NA,NA,NA,NA,NA,NA,NA,NA,NA,NA,28.7,4.2,NA,NA,75,975,"25 percentile",2196,975,2196,75,7,22.9,21.5,25.1,75,"Mean",22.9,"Median","75 percentile"
"116","PDGF_BB",1424,NA,NA,"pg/mL",96,"GA 12 weeks",NA,NA,NA,"healthy",NA,NA,NA,NA,"Bio-Plex Pro Human Cytokine 27-Plex Assay",NA,NA,NA,"serum",NA,NA,NA,NA,NA,NA,NA,NA,NA,"Stokkeland",2019,"Serum cytokine patterns in first half of pregnancy","10.1016/j.cyto.2019.03.013","longitudinal","aggregated","stokkeland2019.csv",NA,"data/aggregated/stokkeland2019.csv",1424,"Median",28.7,"Mean",NA,NA,NA,NA,NA,NA,NA,NA,NA,NA,28.7,4.2,NA,NA,91,1053,"25 percentile",2011,1053,2011,91,6,22.9,21.5,25.1,91,"Mean",22.9,"Median","75 percentile"
"117","PDGF_BB",1394,NA,NA,"pg/mL",93,"GA 19 weeks",NA,NA,NA,"healthy",NA,NA,NA,NA,"Bio-Plex Pro Human Cytokine 27-Plex Assay",NA,NA,NA,"serum",NA,NA,NA,NA,NA,NA,NA,NA,NA,"Stokkeland",2019,"Serum cytokine patterns in first half of pregnancy","10.1016/j.cyto.2019.03.013","longitudinal","aggregated","stokkeland2019.csv",NA,"data/aggregated/stokkeland2019.csv",1394,"Median",28.7,"Mean",NA,NA,NA,NA,NA,NA,NA,NA,NA,NA,28.7,4.2,NA,NA,130,897,"25 percentile",1898,897,1898,130,5,22.9,21.5,25.1,130,"Mean",22.9,"Median","75 percentile"
"118","PDGF_BB",1174,NA,NA,"pg/mL",101,"GA 24 weeks",NA,NA,NA,"healthy",NA,NA,NA,NA,"Bio-Plex Pro Human Cytokine 27-Plex Assay",NA,NA,NA,"serum",NA,NA,NA,NA,NA,NA,NA,NA,NA,"Stokkeland",2019,"Serum cytokine patterns in first half of pregnancy","10.1016/j.cyto.2019.03.013","longitudinal","aggregated","stokkeland2019.csv",NA,"data/aggregated/stokkeland2019.csv",1174,"Median",28.7,"Mean",NA,NA,NA,NA,NA,NA,NA,NA,NA,NA,28.7,4.2,NA,NA,170,857,"25 percentile",1710,857,1710,170,7,22.9,21.5,25.1,170,"Mean",22.9,"Median","75 percentile"
"119","G_CSF",26.2,NA,NA,"pg/mL",104,"GA 10 weeks",NA,NA,NA,"healthy",NA,NA,NA,NA,"Bio-Plex Pro Human Cytokine 27-Plex Assay",NA,NA,NA,"serum",NA,NA,NA,NA,NA,NA,NA,NA,NA,"Stokkeland",2019,"Serum cytokine patterns in first half of pregnancy","10.1016/j.cyto.2019.03.013","longitudinal","aggregated","stokkeland2019.csv",NA,"data/aggregated/stokkeland2019.csv",26.2,"Median",28.7,"Mean",NA,NA,NA,NA,NA,NA,NA,NA,NA,NA,28.7,4.2,NA,NA,75,21.2,"25 percentile",32.8,21.2,32.8,75,7,22.9,21.5,25.1,75,"Mean",22.9,"Median","75 percentile"
"120","G_CSF",27.7,NA,NA,"pg/mL",96,"GA 12 weeks",NA,NA,NA,"healthy",NA,NA,NA,NA,"Bio-Plex Pro Human Cytokine 27-Plex Assay",NA,NA,NA,"serum",NA,NA,NA,NA,NA,NA,NA,NA,NA,"Stokkeland",2019,"Serum cytokine patterns in first half of pregnancy","10.1016/j.cyto.2019.03.013","longitudinal","aggregated","stokkeland2019.csv",NA,"data/aggregated/stokkeland2019.csv",27.7,"Median",28.7,"Mean",NA,NA,NA,NA,NA,NA,NA,NA,NA,NA,28.7,4.2,NA,NA,91,21.4,"25 percentile",35,21.4,35,91,6,22.9,21.5,25.1,91,"Mean",22.9,"Median","75 percentile"
"121","G_CSF",27.6,NA,NA,"pg/mL",93,"GA 19 weeks",NA,NA,NA,"healthy",NA,NA,NA,NA,"Bio-Plex Pro Human Cytokine 27-Plex Assay",NA,NA,NA,"serum",NA,NA,NA,NA,NA,NA,NA,NA,NA,"Stokkeland",2019,"Serum cytokine patterns in first half of pregnancy","10.1016/j.cyto.2019.03.013","longitudinal","aggregated","stokkeland2019.csv",NA,"data/aggregated/stokkeland2019.csv",27.6,"Median",28.7,"Mean",NA,NA,NA,NA,NA,NA,NA,NA,NA,NA,28.7,4.2,NA,NA,130,22.1,"25 percentile",36.7,22.1,36.7,130,5,22.9,21.5,25.1,130,"Mean",22.9,"Median","75 percentile"
"122","G_CSF",26.3,NA,NA,"pg/mL",101,"GA 24 weeks",NA,NA,NA,"healthy",NA,NA,NA,NA,"Bio-Plex Pro Human Cytokine 27-Plex Assay",NA,NA,NA,"serum",NA,NA,NA,NA,NA,NA,NA,NA,NA,"Stokkeland",2019,"Serum cytokine patterns in first half of pregnancy","10.1016/j.cyto.2019.03.013","longitudinal","aggregated","stokkeland2019.csv",NA,"data/aggregated/stokkeland2019.csv",26.3,"Median",28.7,"Mean",NA,NA,NA,NA,NA,NA,NA,NA,NA,NA,28.7,4.2,NA,NA,170,22.7,"25 percentile",34.6,22.7,34.6,170,7,22.9,21.5,25.1,170,"Mean",22.9,"Median","75 percentile"
"123","GM_CSF",65.8,NA,NA,"pg/mL",104,"GA 10 weeks",NA,NA,NA,"healthy",NA,NA,NA,NA,"Bio-Plex Pro Human Cytokine 27-Plex Assay",NA,NA,NA,"serum",NA,NA,NA,NA,NA,NA,NA,NA,NA,"Stokkeland",2019,"Serum cytokine patterns in first half of pregnancy","10.1016/j.cyto.2019.03.013","longitudinal","aggregated","stokkeland2019.csv",NA,"data/aggregated/stokkeland2019.csv",65.8,"Median",28.7,"Mean",NA,NA,NA,NA,NA,NA,NA,NA,NA,NA,28.7,4.2,NA,NA,75,47.8,"25 percentile",98.7,47.8,98.7,75,7,22.9,21.5,25.1,75,"Mean",22.9,"Median","75 percentile"
"124","GM_CSF",65.3,NA,NA,"pg/mL",96,"GA 12 weeks",NA,NA,NA,"healthy",NA,NA,NA,NA,"Bio-Plex Pro Human Cytokine 27-Plex Assay",NA,NA,NA,"serum",NA,NA,NA,NA,NA,NA,NA,NA,NA,"Stokkeland",2019,"Serum cytokine patterns in first half of pregnancy","10.1016/j.cyto.2019.03.013","longitudinal","aggregated","stokkeland2019.csv",NA,"data/aggregated/stokkeland2019.csv",65.3,"Median",28.7,"Mean",NA,NA,NA,NA,NA,NA,NA,NA,NA,NA,28.7,4.2,NA,NA,91,48.9,"25 percentile",108.8,48.9,108.8,91,6,22.9,21.5,25.1,91,"Mean",22.9,"Median","75 percentile"
"125","GM_CSF",58.1,NA,NA,"pg/mL",93,"GA 19 weeks",NA,NA,NA,"healthy",NA,NA,NA,NA,"Bio-Plex Pro Human Cytokine 27-Plex Assay",NA,NA,NA,"serum",NA,NA,NA,NA,NA,NA,NA,NA,NA,"Stokkeland",2019,"Serum cytokine patterns in first half of pregnancy","10.1016/j.cyto.2019.03.013","longitudinal","aggregated","stokkeland2019.csv",NA,"data/aggregated/stokkeland2019.csv",58.1,"Median",28.7,"Mean",NA,NA,NA,NA,NA,NA,NA,NA,NA,NA,28.7,4.2,NA,NA,130,46.8,"25 percentile",103.3,46.8,103.3,130,5,22.9,21.5,25.1,130,"Mean",22.9,"Median","75 percentile"
"126","GM_CSF",58.8,NA,NA,"pg/mL",101,"GA 24 weeks",NA,NA,NA,"healthy",NA,NA,NA,NA,"Bio-Plex Pro Human Cytokine 27-Plex Assay",NA,NA,NA,"serum",NA,NA,NA,NA,NA,NA,NA,NA,NA,"Stokkeland",2019,"Serum cytokine patterns in first half of pregnancy","10.1016/j.cyto.2019.03.013","longitudinal","aggregated","stokkeland2019.csv",NA,"data/aggregated/stokkeland2019.csv",58.8,"Median",28.7,"Mean",NA,NA,NA,NA,NA,NA,NA,NA,NA,NA,28.7,4.2,NA,NA,170,47,"25 percentile",84.6,47,84.6,170,7,22.9,21.5,25.1,170,"Mean",22.9,"Median","75 percentile"
"127","IL_7",3.4,NA,NA,"pg/mL",104,"GA 10 weeks",NA,NA,NA,"healthy",NA,NA,NA,NA,"Bio-Plex Pro Human Cytokine 27-Plex Assay",NA,NA,NA,"serum",NA,NA,NA,NA,NA,NA,NA,NA,NA,"Stokkeland",2019,"Serum cytokine patterns in first half of pregnancy","10.1016/j.cyto.2019.03.013","longitudinal","aggregated","stokkeland2019.csv",NA,"data/aggregated/stokkeland2019.csv",3.4,"Median",28.7,"Mean",NA,NA,NA,NA,NA,NA,NA,NA,NA,NA,28.7,4.2,NA,NA,75,0.6,"25 percentile",5.5,0.6,5.5,75,7,22.9,21.5,25.1,75,"Mean",22.9,"Median","75 percentile"
"128","IL_7",3.3,NA,NA,"pg/mL",96,"GA 12 weeks",NA,NA,NA,"healthy",NA,NA,NA,NA,"Bio-Plex Pro Human Cytokine 27-Plex Assay",NA,NA,NA,"serum",NA,NA,NA,NA,NA,NA,NA,NA,NA,"Stokkeland",2019,"Serum cytokine patterns in first half of pregnancy","10.1016/j.cyto.2019.03.013","longitudinal","aggregated","stokkeland2019.csv",NA,"data/aggregated/stokkeland2019.csv",3.3,"Median",28.7,"Mean",NA,NA,NA,NA,NA,NA,NA,NA,NA,NA,28.7,4.2,NA,NA,91,1.5,"25 percentile",5.9,1.5,5.9,91,6,22.9,21.5,25.1,91,"Mean",22.9,"Median","75 percentile"
"129","IL_7",4,NA,NA,"pg/mL",93,"GA 19 weeks",NA,NA,NA,"healthy",NA,NA,NA,NA,"Bio-Plex Pro Human Cytokine 27-Plex Assay",NA,NA,NA,"serum",NA,NA,NA,NA,NA,NA,NA,NA,NA,"Stokkeland",2019,"Serum cytokine patterns in first half of pregnancy","10.1016/j.cyto.2019.03.013","longitudinal","aggregated","stokkeland2019.csv",NA,"data/aggregated/stokkeland2019.csv",4,"Median",28.7,"Mean",NA,NA,NA,NA,NA,NA,NA,NA,NA,NA,28.7,4.2,NA,NA,130,1.9,"25 percentile",6.3,1.9,6.3,130,5,22.9,21.5,25.1,130,"Mean",22.9,"Median","75 percentile"
"130","IL_7",3.9,NA,NA,"pg/mL",101,"GA 24 weeks",NA,NA,NA,"healthy",NA,NA,NA,NA,"Bio-Plex Pro Human Cytokine 27-Plex Assay",NA,NA,NA,"serum",NA,NA,NA,NA,NA,NA,NA,NA,NA,"Stokkeland",2019,"Serum cytokine patterns in first half of pregnancy","10.1016/j.cyto.2019.03.013","longitudinal","aggregated","stokkeland2019.csv",NA,"data/aggregated/stokkeland2019.csv",3.9,"Median",28.7,"Mean",NA,NA,NA,NA,NA,NA,NA,NA,NA,NA,28.7,4.2,NA,NA,170,2,"25 percentile",6.4,2,6.4,170,7,22.9,21.5,25.1,170,"Mean",22.9,"Median","75 percentile"
"131","MCP_1",31.3,NA,NA,"pg/mL",104,"GA 10 weeks",NA,NA,NA,"healthy",NA,NA,NA,NA,"Bio-Plex Pro Human Cytokine 27-Plex Assay",NA,NA,NA,"serum",NA,NA,NA,NA,NA,NA,NA,NA,NA,"Stokkeland",2019,"Serum cytokine patterns in first half of pregnancy","10.1016/j.cyto.2019.03.013","longitudinal","aggregated","stokkeland2019.csv",NA,"data/aggregated/stokkeland2019.csv",31.3,"Median",28.7,"Mean",NA,NA,NA,NA,NA,NA,NA,NA,NA,NA,28.7,4.2,NA,NA,75,23.5,"25 percentile",47.6,23.5,47.6,75,7,22.9,21.5,25.1,75,"Mean",22.9,"Median","75 percentile"
"132","MCP_1",30.1,NA,NA,"pg/mL",96,"GA 12 weeks",NA,NA,NA,"healthy",NA,NA,NA,NA,"Bio-Plex Pro Human Cytokine 27-Plex Assay",NA,NA,NA,"serum",NA,NA,NA,NA,NA,NA,NA,NA,NA,"Stokkeland",2019,"Serum cytokine patterns in first half of pregnancy","10.1016/j.cyto.2019.03.013","longitudinal","aggregated","stokkeland2019.csv",NA,"data/aggregated/stokkeland2019.csv",30.1,"Median",28.7,"Mean",NA,NA,NA,NA,NA,NA,NA,NA,NA,NA,28.7,4.2,NA,NA,91,22,"25 percentile",42.1,22,42.1,91,6,22.9,21.5,25.1,91,"Mean",22.9,"Median","75 percentile"
"133","MCP_1",30.2,NA,NA,"pg/mL",93,"GA 19 weeks",NA,NA,NA,"healthy",NA,NA,NA,NA,"Bio-Plex Pro Human Cytokine 27-Plex Assay",NA,NA,NA,"serum",NA,NA,NA,NA,NA,NA,NA,NA,NA,"Stokkeland",2019,"Serum cytokine patterns in first half of pregnancy","10.1016/j.cyto.2019.03.013","longitudinal","aggregated","stokkeland2019.csv",NA,"data/aggregated/stokkeland2019.csv",30.2,"Median",28.7,"Mean",NA,NA,NA,NA,NA,NA,NA,NA,NA,NA,28.7,4.2,NA,NA,130,20.7,"25 percentile",38.4,20.7,38.4,130,5,22.9,21.5,25.1,130,"Mean",22.9,"Median","75 percentile"
"134","MCP_1",27.3,NA,NA,"pg/mL",101,"GA 24 weeks",NA,NA,NA,"healthy",NA,NA,NA,NA,"Bio-Plex Pro Human Cytokine 27-Plex Assay",NA,NA,NA,"serum",NA,NA,NA,NA,NA,NA,NA,NA,NA,"Stokkeland",2019,"Serum cytokine patterns in first half of pregnancy","10.1016/j.cyto.2019.03.013","longitudinal","aggregated","stokkeland2019.csv",NA,"data/aggregated/stokkeland2019.csv",27.3,"Median",28.7,"Mean",NA,NA,NA,NA,NA,NA,NA,NA,NA,NA,28.7,4.2,NA,NA,170,19.3,"25 percentile",38,19.3,38,170,7,22.9,21.5,25.1,170,"Mean",22.9,"Median","75 percentile"
"135","MIP_1a",2.1,NA,NA,"pg/mL",104,"GA 10 weeks",NA,NA,NA,"healthy",NA,NA,NA,NA,"Bio-Plex Pro Human Cytokine 27-Plex Assay",NA,NA,NA,"serum",NA,NA,NA,NA,NA,NA,NA,NA,NA,"Stokkeland",2019,"Serum cytokine patterns in first half of pregnancy","10.1016/j.cyto.2019.03.013","longitudinal","aggregated","stokkeland2019.csv",NA,"data/aggregated/stokkeland2019.csv",2.1,"Median",28.7,"Mean",NA,NA,NA,NA,NA,NA,NA,NA,NA,NA,28.7,4.2,NA,NA,75,1.7,"25 percentile",2.5,1.7,2.5,75,7,22.9,21.5,25.1,75,"Mean",22.9,"Median","75 percentile"
"136","MIP_1a",2,NA,NA,"pg/mL",96,"GA 12 weeks",NA,NA,NA,"healthy",NA,NA,NA,NA,"Bio-Plex Pro Human Cytokine 27-Plex Assay",NA,NA,NA,"serum",NA,NA,NA,NA,NA,NA,NA,NA,NA,"Stokkeland",2019,"Serum cytokine patterns in first half of pregnancy","10.1016/j.cyto.2019.03.013","longitudinal","aggregated","stokkeland2019.csv",NA,"data/aggregated/stokkeland2019.csv",2,"Median",28.7,"Mean",NA,NA,NA,NA,NA,NA,NA,NA,NA,NA,28.7,4.2,NA,NA,91,1.7,"25 percentile",2.4,1.7,2.4,91,6,22.9,21.5,25.1,91,"Mean",22.9,"Median","75 percentile"
"137","MIP_1a",2,NA,NA,"pg/mL",93,"GA 19 weeks",NA,NA,NA,"healthy",NA,NA,NA,NA,"Bio-Plex Pro Human Cytokine 27-Plex Assay",NA,NA,NA,"serum",NA,NA,NA,NA,NA,NA,NA,NA,NA,"Stokkeland",2019,"Serum cytokine patterns in first half of pregnancy","10.1016/j.cyto.2019.03.013","longitudinal","aggregated","stokkeland2019.csv",NA,"data/aggregated/stokkeland2019.csv",2,"Median",28.7,"Mean",NA,NA,NA,NA,NA,NA,NA,NA,NA,NA,28.7,4.2,NA,NA,130,1.6,"25 percentile",2.3,1.6,2.3,130,5,22.9,21.5,25.1,130,"Mean",22.9,"Median","75 percentile"
"138","MIP_1a",2,NA,NA,"pg/mL",101,"GA 24 weeks",NA,NA,NA,"healthy",NA,NA,NA,NA,"Bio-Plex Pro Human Cytokine 27-Plex Assay",NA,NA,NA,"serum",NA,NA,NA,NA,NA,NA,NA,NA,NA,"Stokkeland",2019,"Serum cytokine patterns in first half of pregnancy","10.1016/j.cyto.2019.03.013","longitudinal","aggregated","stokkeland2019.csv",NA,"data/aggregated/stokkeland2019.csv",2,"Median",28.7,"Mean",NA,NA,NA,NA,NA,NA,NA,NA,NA,NA,28.7,4.2,NA,NA,170,1.7,"25 percentile",2.5,1.7,2.5,170,7,22.9,21.5,25.1,170,"Mean",22.9,"Median","75 percentile"
"139","MIP_1b",58.1,NA,NA,"pg/mL",104,"GA 10 weeks",NA,NA,NA,"healthy",NA,NA,NA,NA,"Bio-Plex Pro Human Cytokine 27-Plex Assay",NA,NA,NA,"serum",NA,NA,NA,NA,NA,NA,NA,NA,NA,"Stokkeland",2019,"Serum cytokine patterns in first half of pregnancy","10.1016/j.cyto.2019.03.013","longitudinal","aggregated","stokkeland2019.csv",NA,"data/aggregated/stokkeland2019.csv",58.1,"Median",28.7,"Mean",NA,NA,NA,NA,NA,NA,NA,NA,NA,NA,28.7,4.2,NA,NA,75,42.4,"25 percentile",7.7,42.4,7.7,75,7,22.9,21.5,25.1,75,"Mean",22.9,"Median","75 percentile"
"140","MIP_1b",53.5,NA,NA,"pg/mL",96,"GA 12 weeks",NA,NA,NA,"healthy",NA,NA,NA,NA,"Bio-Plex Pro Human Cytokine 27-Plex Assay",NA,NA,NA,"serum",NA,NA,NA,NA,NA,NA,NA,NA,NA,"Stokkeland",2019,"Serum cytokine patterns in first half of pregnancy","10.1016/j.cyto.2019.03.013","longitudinal","aggregated","stokkeland2019.csv",NA,"data/aggregated/stokkeland2019.csv",53.5,"Median",28.7,"Mean",NA,NA,NA,NA,NA,NA,NA,NA,NA,NA,28.7,4.2,NA,NA,91,39.2,"25 percentile",68.9,39.2,68.9,91,6,22.9,21.5,25.1,91,"Mean",22.9,"Median","75 percentile"
"141","MIP_1b",52.4,NA,NA,"pg/mL",93,"GA 19 weeks",NA,NA,NA,"healthy",NA,NA,NA,NA,"Bio-Plex Pro Human Cytokine 27-Plex Assay",NA,NA,NA,"serum",NA,NA,NA,NA,NA,NA,NA,NA,NA,"Stokkeland",2019,"Serum cytokine patterns in first half of pregnancy","10.1016/j.cyto.2019.03.013","longitudinal","aggregated","stokkeland2019.csv",NA,"data/aggregated/stokkeland2019.csv",52.4,"Median",28.7,"Mean",NA,NA,NA,NA,NA,NA,NA,NA,NA,NA,28.7,4.2,NA,NA,130,36.4,"25 percentile",66.7,36.4,66.7,130,5,22.9,21.5,25.1,130,"Mean",22.9,"Median","75 percentile"
"142","MIP_1b",49.9,NA,NA,"pg/mL",101,"GA 24 weeks",NA,NA,NA,"healthy",NA,NA,NA,NA,"Bio-Plex Pro Human Cytokine 27-Plex Assay",NA,NA,NA,"serum",NA,NA,NA,NA,NA,NA,NA,NA,NA,"Stokkeland",2019,"Serum cytokine patterns in first half of pregnancy","10.1016/j.cyto.2019.03.013","longitudinal","aggregated","stokkeland2019.csv",NA,"data/aggregated/stokkeland2019.csv",49.9,"Median",28.7,"Mean",NA,NA,NA,NA,NA,NA,NA,NA,NA,NA,28.7,4.2,NA,NA,170,38.6,"25 percentile",65.7,38.6,65.7,170,7,22.9,21.5,25.1,170,"Mean",22.9,"Median","75 percentile"
"143","eotaxin",74.4,NA,NA,"pg/mL",104,"GA 10 weeks",NA,NA,NA,"healthy",NA,NA,NA,NA,"Bio-Plex Pro Human Cytokine 27-Plex Assay",NA,NA,NA,"serum",NA,NA,NA,NA,NA,NA,NA,NA,NA,"Stokkeland",2019,"Serum cytokine patterns in first half of pregnancy","10.1016/j.cyto.2019.03.013","longitudinal","aggregated","stokkeland2019.csv",NA,"data/aggregated/stokkeland2019.csv",74.4,"Median",28.7,"Mean",NA,NA,NA,NA,NA,NA,NA,NA,NA,NA,28.7,4.2,NA,NA,75,53.7,"25 percentile",100.2,53.7,100.2,75,7,22.9,21.5,25.1,75,"Mean",22.9,"Median","75 percentile"
"144","eotaxin",66.7,NA,NA,"pg/mL",96,"GA 12 weeks",NA,NA,NA,"healthy",NA,NA,NA,NA,"Bio-Plex Pro Human Cytokine 27-Plex Assay",NA,NA,NA,"serum",NA,NA,NA,NA,NA,NA,NA,NA,NA,"Stokkeland",2019,"Serum cytokine patterns in first half of pregnancy","10.1016/j.cyto.2019.03.013","longitudinal","aggregated","stokkeland2019.csv",NA,"data/aggregated/stokkeland2019.csv",66.7,"Median",28.7,"Mean",NA,NA,NA,NA,NA,NA,NA,NA,NA,NA,28.7,4.2,NA,NA,91,50.5,"25 percentile",85.5,50.5,85.5,91,6,22.9,21.5,25.1,91,"Mean",22.9,"Median","75 percentile"
"145","eotaxin",49,NA,NA,"pg/mL",93,"GA 19 weeks",NA,NA,NA,"healthy",NA,NA,NA,NA,"Bio-Plex Pro Human Cytokine 27-Plex Assay",NA,NA,NA,"serum",NA,NA,NA,NA,NA,NA,NA,NA,NA,"Stokkeland",2019,"Serum cytokine patterns in first half of pregnancy","10.1016/j.cyto.2019.03.013","longitudinal","aggregated","stokkeland2019.csv",NA,"data/aggregated/stokkeland2019.csv",49,"Median",28.7,"Mean",NA,NA,NA,NA,NA,NA,NA,NA,NA,NA,28.7,4.2,NA,NA,130,42.5,"25 percentile",69,42.5,69,130,5,22.9,21.5,25.1,130,"Mean",22.9,"Median","75 percentile"
"146","eotaxin",47.7,NA,NA,"pg/mL",101,"GA 24 weeks",NA,NA,NA,"healthy",NA,NA,NA,NA,"Bio-Plex Pro Human Cytokine 27-Plex Assay",NA,NA,NA,"serum",NA,NA,NA,NA,NA,NA,NA,NA,NA,"Stokkeland",2019,"Serum cytokine patterns in first half of pregnancy","10.1016/j.cyto.2019.03.013","longitudinal","aggregated","stokkeland2019.csv",NA,"data/aggregated/stokkeland2019.csv",47.7,"Median",28.7,"Mean",NA,NA,NA,NA,NA,NA,NA,NA,NA,NA,28.7,4.2,NA,NA,170,41.1,"25 percentile",59.5,41.1,59.5,170,7,22.9,21.5,25.1,170,"Mean",22.9,"Median","75 percentile"
"147","IP_10",1151,NA,NA,"pg/mL",104,"GA 10 weeks",NA,NA,NA,"healthy",NA,NA,NA,NA,"Bio-Plex Pro Human Cytokine 27-Plex Assay",NA,NA,NA,"serum",NA,NA,NA,NA,NA,NA,NA,NA,NA,"Stokkeland",2019,"Serum cytokine patterns in first half of pregnancy","10.1016/j.cyto.2019.03.013","longitudinal","aggregated","stokkeland2019.csv",NA,"data/aggregated/stokkeland2019.csv",1151,"Median",28.7,"Mean",NA,NA,NA,NA,NA,NA,NA,NA,NA,NA,28.7,4.2,NA,NA,75,749,"25 percentile",1790,749,1790,75,7,22.9,21.5,25.1,75,"Mean",22.9,"Median","75 percentile"
"148","IP_10",1076,NA,NA,"pg/mL",96,"GA 12 weeks",NA,NA,NA,"healthy",NA,NA,NA,NA,"Bio-Plex Pro Human Cytokine 27-Plex Assay",NA,NA,NA,"serum",NA,NA,NA,NA,NA,NA,NA,NA,NA,"Stokkeland",2019,"Serum cytokine patterns in first half of pregnancy","10.1016/j.cyto.2019.03.013","longitudinal","aggregated","stokkeland2019.csv",NA,"data/aggregated/stokkeland2019.csv",1076,"Median",28.7,"Mean",NA,NA,NA,NA,NA,NA,NA,NA,NA,NA,28.7,4.2,NA,NA,91,733,"25 percentile",1620,733,1620,91,6,22.9,21.5,25.1,91,"Mean",22.9,"Median","75 percentile"
"149","IP_10",1023,NA,NA,"pg/mL",93,"GA 19 weeks",NA,NA,NA,"healthy",NA,NA,NA,NA,"Bio-Plex Pro Human Cytokine 27-Plex Assay",NA,NA,NA,"serum",NA,NA,NA,NA,NA,NA,NA,NA,NA,"Stokkeland",2019,"Serum cytokine patterns in first half of pregnancy","10.1016/j.cyto.2019.03.013","longitudinal","aggregated","stokkeland2019.csv",NA,"data/aggregated/stokkeland2019.csv",1023,"Median",28.7,"Mean",NA,NA,NA,NA,NA,NA,NA,NA,NA,NA,28.7,4.2,NA,NA,130,696,"25 percentile",1500,696,1500,130,5,22.9,21.5,25.1,130,"Mean",22.9,"Median","75 percentile"
"150","IP_10",1017,NA,NA,"pg/mL",101,"GA 24 weeks",NA,NA,NA,"healthy",NA,NA,NA,NA,"Bio-Plex Pro Human Cytokine 27-Plex Assay",NA,NA,NA,"serum",NA,NA,NA,NA,NA,NA,NA,NA,NA,"Stokkeland",2019,"Serum cytokine patterns in first half of pregnancy","10.1016/j.cyto.2019.03.013","longitudinal","aggregated","stokkeland2019.csv",NA,"data/aggregated/stokkeland2019.csv",1017,"Median",28.7,"Mean",NA,NA,NA,NA,NA,NA,NA,NA,NA,NA,28.7,4.2,NA,NA,170,687,"25 percentile",1554,687,1554,170,7,22.9,21.5,25.1,170,"Mean",22.9,"Median","75 percentile"
